,search_term,geo_code,nyc_opening_engagement,event_engagement,static_engagement,in_town_engagement,state
12,wicked (tour: munchkinland),US-WA-881,31,17,13,62,WA
19,wicked (tour: emerald city),US-OK-671,58,22,11,55,OK
22,avenue q (tour),US-CO-751,39,32,22,23,CO
24,anything goes,US-SC-567,45,18,4,62,SC
27,fiddler on the roof (tour),US-TN-640,50,25,6,22,TN
31,wicked (tour: emerald city),US-IL-602,94,14,11,25,IL
32,avenue q (tour),US-FL-561,91,17,5,0,FL
39,avenue q (tour),US-TX-635,93,11,2,48,TX
40,wicked (tour: munchkinland),US-MO-616,49,31,15,23,MO
41,wicked (tour: munchkinland),US-NY-514,37,21,13,63,NY
44,into the woods (tour),US-CA-807,50,11,2,10,CA
54,into the woods (tour),US-NY-523,34,23,10,43,NY
60,wicked (tour: emerald city),US-NY-538,82,6,3,100,NY
61,wicked (tour: munchkinland),US-NY-555,18,19,22,100,NY
62,wicked (tour: munchkinland),US-IL-675,19,24,29,100,IL
63,into the woods (tour),US-PA-566,21,18,21,63,PA
64,wicked (tour: emerald city),US-MA-521,30,32,35,78,MA
65,wicked (tour: munchkinland),US-PA-508,10,9,9,100,PA
66,avenue q (tour),US-CA-803,30,16,19,73,CA
67,avenue q (tour),US-FL-548,10,9,14,43,FL
70,fiddler on the roof (tour),US-WA-881,8,7,13,21,WA
71,wicked (tour: emerald city),US-OH-515,14,16,18,62,OH
72,wicked (tour: munchkinland),US-OR-820,10,12,11,74,OR
73,fiddler on the roof (tour),US-FL-539,22,18,20,64,FL
74,fiddler on the roof (tour),US-FL-534,12,17,17,86,FL
75,fiddler on the roof (tour),US-TX-635,15,9,10,87,TX
76,wicked (tour: munchkinland),US-DC-511,17,10,14,89,DC
77,wicked (tour: emerald city),US-AZ-789,22,17,17,71,AZ
78,wicked (tour: emerald city),US-VA-556,9,8,16,36,VA
79,avenue q (tour),US-TX-641,11,12,17,45,TX
80,fiddler on the roof (tour),US-IL-602,13,9,11,64,IL
81,wicked (tour: munchkinland),US-NY-523,17,11,15,39,NY
82,fiddler on the roof (tour),US-FL-561,17,17,18,94,FL
83,into the woods (tour),US-CA-803,6,6,12,49,CA
84,fiddler on the roof (tour),US-MN-613,4,6,12,30,MN
85,fiddler on the roof (tour),US-NY-514,19,16,16,100,NY
86,wicked (tour: emerald city),US-HI-744,9,6,7,100,HI
87,fiddler on the roof (tour),US-OR-820,8,10,9,86,OR
88,avenue q (tour),US-OR-820,34,23,22,77,OR
89,wicked (tour: munchkinland),US-SC-519,18,19,18,63,SC
90,wicked (tour: munchkinland),US-WA-819,61,22,20,92,WA
91,into the woods (tour),US-TX-623,16,13,17,30,TX
92,fiddler on the roof (tour),US-NC-560,33,19,18,45,NC
93,into the woods (tour),US-NC-517,18,24,21,92,NC
94,wicked (tour: munchkinland),CA-BC,9,9,14,33,BC
95,wicked (tour: munchkinland),US-AR-693,8,10,13,22,AR
96,fiddler on the roof (tour),US-CA-825,10,9,11,48,CA
97,avenue q (tour),US-MI-563,6,6,8,95,MI
99,wicked (tour: munchkinland),CA-ON,25,18,21,82,ON
108,fiddler on the roof (tour),US-WI-658,89,11,5,85,WI
109,wicked (tour: munchkinland),US-TX-635,52,12,5,83,TX
112,avenue q (tour),US-FL-539,55,5,0,34,FL
119,wicked (tour: emerald city),US-MI-505,38,17,15,93,MI
120,wicked (tour: emerald city),US-AZ-753,22,19,12,100,AZ
121,fiddler on the roof (tour),US-MA-521,41,25,19,51,MA
122,wicked (tour: munchkinland),US-TN-640,19,10,8,80,TN
123,wicked (tour: munchkinland),US-NC-517,64,25,16,94,NC
124,wicked (tour: munchkinland),US-VA-544,51,22,11,90,VA
126,wicked (tour: munchkinland),CA-MB,62,24,15,100,MB
127,wicked (tour: munchkinland),US-KS-678,32,14,8,100,KS
128,fiddler on the roof (tour),US-CO-751,17,14,8,100,CO
132,avenue q (tour),US-AR-670,58,31,13,95,AR
133,wicked (tour: munchkinland),US-OK-671,31,32,14,68,OK
134,wicked (tour: munchkinland),US-NC-560,10,9,8,66,NC
136,fiddler on the roof (tour),US-CA-807,22,9,9,100,CA
137,into the woods (tour),US-DC-511,12,14,12,97,DC
138,avenue q (tour),US-NC-517,10,9,8,83,NC
139,into the woods (tour),US-OH-510,13,4,5,100,OH
142,wicked (tour: munchkinland),US-OH-547,52,23,14,65,OH
143,wicked (tour: munchkinland),US-AZ-753,26,14,9,79,AZ
144,wicked (tour: emerald city),US-FL-534,94,7,15,100,FL
145,avenue q (tour),US-PA-566,29,14,10,56,PA
151,wicked (tour: munchkinland),US-CO-751,12,11,8,82,CO
152,avenue q (tour),US-TN-640,24,4,6,91,TN
154,wicked (tour: munchkinland),US-NY-538,21,9,11,91,NY
165,into the woods (tour),US-KY-541,21,6,4,100,KY
169,wicked (tour: chicago),US-IL-602,25,4,3,68,IL
172,wicked (tour: emerald city),US-LA-622,15,3,4,100,LA
175,avenue q (tour),US-IN-527,44,34,25,100,IN
179,wicked (tour: munchkinland),US-CA-825,22,5,5,100,CA
182,wicked (tour: munchkinland),US-WI-669,37,7,10,100,WI
184,wicked (tour: emerald city),US-MN-613,15,8,6,100,MN
188,wicked (tour: munchkinland),CA-AB,35,28,26,48,AB
190,wicked (tour: munchkinland),US-FL-571,40,42,36,60,FL
191,wicked (tour: munchkinland),US-KY-529,12,25,20,100,KY
192,wicked (tour: munchkinland),US-OH-542,60,56,46,64,OH
195,wicked (tour: munchkinland),US-AZ-789,48,30,28,80,AZ
197,into the woods (tour),US-NJ,42,37,39,82,NJ
198,wicked (tour: emerald city),US-MA-506,61,52,47,67,MA
199,wicked (tour: emerald city),US-TX-641,46,55,49,95,TX
200,fiddler on the roof (tour),US-DC-511,40,45,41,79,DC
201,wicked (tour: emerald city),US-TX-623,46,33,27,100,TX
202,wicked (tour: emerald city),US-PA-508,48,42,42,79,PA
203,wicked (tour: emerald city),CA-ON,18,19,21,96,ON
204,wicked (tour: los angeles),US-CA-803,40,33,39,62,CA
205,wicked (tour: munchkinland),US-IL-609,57,37,35,67,IL
206,wicked (tour: munchkinland),US-AL-630,31,33,32,77,AL
207,wicked (tour: emerald city),US-KY-529,9,14,12,100,KY
208,avenue q (tour),US-OH-515,18,19,20,100,OH
209,wicked (tour: munchkinland),US-LA-622,23,26,26,100,LA
210,wicked (tour: emerald city),US-CA-825,44,35,33,100,CA
211,wicked (tour: emerald city),US-CA-803,47,46,38,54,CA
212,wicked (tour: emerald city),US-NY-555,29,47,33,51,NY
215,wicked (tour: munchkinland),US-IN-527,43,27,22,100,IN
217,wicked (tour: emerald city),US-OR-820,53,46,45,61,OR
218,avenue q (tour),US-CA-825,33,31,29,99,CA
219,avenue q (tour),US-NC-560,36,35,33,100,NC
220,movin' out (tour),US-TX-635,35,24,22,100,TX
221,wicked (tour: emerald city),US-GA-524,59,36,33,100,GA
223,avenue q (tour),US-CA-807,44,39,39,73,CA
224,avenue q (tour),US-OH-510,38,41,35,100,OH
225,avenue q (tour),US-NY-538,25,41,40,100,NY
226,wicked (tour: emerald city),US-NC-517,33,26,22,100,NC
228,wicked (tour: emerald city),US-WA-819,9,15,18,100,WA
236,avenue q (tour),US-GA-524,53,18,11,29,GA
238,movin' out (tour),US-NE-652,64,10,9,75,NE
247,avenue q (tour),US-FL-528,49,3,16,59,FL
255,wicked (tour: emerald city),US-PA-508,16,19,21,35,PA
260,movin' out (tour),US-IL-602,56,36,25,68,IL
261,wicked (tour: emerald city),CA-ON,37,4,21,36,ON
267,wicked (tour: emerald city),US-OK-650,73,19,13,100,OK
273,wicked (tour: emerald city),US-CO-751,39,18,18,81,CO
290,wicked (tour: emerald city),US-MA-521,32,8,11,28,MA
297,wicked (tour: emerald city),US-DC-511,58,19,33,40,DC
301,movin' out (tour),US-MN-613,22,23,13,100,MN
305,wicked (tour: emerald city),US-NY-514,6,4,4,100,NY
306,wicked (tour: emerald city),US-MA-521,17,11,5,82,MA
307,movin' out (tour),US-TX-623,27,11,7,14,TX
308,avenue q (tour),US-NY-514,21,13,9,0,NY
309,avenue q (tour),US-MD-512,42,10,6,100,MD
310,avenue q (tour),US-GA-524,67,12,8,57,GA
341,wicked (tour: emerald city),US-FL-534,43,34,32,83,FL
343,movin' out (tour),US-AZ-753,15,18,17,13,AZ
344,wicked (tour: emerald city),US-OH-535,11,27,20,45,OH
345,movin' out (tour),US-FL-528,10,13,11,100,FL
347,movin' out (tour),US-GA-524,47,17,14,92,GA
349,avenue q (tour),US-MN-613,23,32,28,96,MN
350,avenue q (tour),US-FL-528,68,53,53,57,FL
351,movin' out (tour),US-IL-602,45,51,41,28,IL
352,movin' out (tour),US-WA-819,29,45,42,49,WA
353,avenue q (tour),US-PA-504,21,42,57,100,PA
354,avenue q (tour),US-CA-803,43,26,25,32,CA
355,wicked (tour: emerald city),US-CT-533,56,42,47,61,CT
356,avenue q (tour),US-AZ-789,40,23,19,100,AZ
358,movin' out (tour),US-NY-538,15,24,24,100,NY
359,wicked (tour: emerald city),US-MI-505,36,33,35,65,MI
360,avenue q (tour),US-IL-609,68,62,65,41,IL
361,movin' out (tour),CA-ON,74,65,64,99,ON
362,wicked (tour: emerald city),US-TX-618,90,82,84,96,TX
363,wicked (tour: emerald city),US-DC-511,82,76,78,86,DC
364,avenue q (tour),US-NC-560,65,71,74,100,NC
365,movin' out (tour),US-NC-560,78,68,65,87,NC
366,wicked (tour: emerald city),US-OH-515,80,77,81,88,OH
367,avenue q (tour),US-MA-506,96,49,53,97,MA
368,avenue q (tour),US-DC-511,47,45,48,57,DC
372,movin' out (tour),US-MO-616,55,53,56,76,MO
373,wicked (tour: emerald city),US-FL-539,54,50,53,88,FL
374,wicked (tour: emerald city),CA-ON,55,52,59,64,ON
375,avenue q (tour),US-MI-551,36,31,34,55,MI
376,movin' out (tour),US-TX-618,76,62,66,100,TX
378,wicked (tour: emerald city),US-FL-528,72,58,61,73,FL
379,wicked (tour: emerald city),US-MD-512,47,46,49,62,MD
381,movin' out (tour),US-IL-609,59,63,65,90,IL
382,wicked (tour: emerald city),US-PA-508,86,76,77,100,PA
383,wicked (tour: emerald city),US-NC-517,52,52,52,62,NC
384,wicked (tour: emerald city),US-MA-506,65,73,70,87,MA
385,avenue q (tour),US-KY-529,57,62,68,97,KY
387,wicked (tour: emerald city),US-GA-524,56,54,58,91,GA
389,avenue q (tour),US-CA-803,51,49,54,76,CA
390,wicked (tour: emerald city),US-WA-819,61,57,59,68,WA
392,wicked (tour: emerald city),US-NY-538,55,61,63,95,NY
394,avenue q (tour),US-IA-679,35,36,36,47,IA
395,avenue q (tour),US-DC-511,56,59,62,66,DC
396,movin' out (tour),US-IL-602,45,45,45,62,IL
397,avenue q (tour),US-MN-613,59,68,68,82,MN
398,wicked (tour: emerald city),US-PA-504,39,49,54,49,PA
399,movin' out (tour),US-OR-820,55,47,50,63,OR
401,avenue q (tour),US-AZ-789,35,41,43,70,AZ
402,avenue q (tour),US-OH-510,73,76,80,96,OH
403,movin' out (tour),US-NY-538,15,18,27,84,NY
404,movin' out (tour),US-IL-609,31,29,31,90,IL
405,wicked (tour: emerald city),US-FL-534,34,27,35,77,FL
407,wicked (tour: emerald city),CA-ON,32,31,38,85,ON
408,wicked (tour: emerald city),US-IL-602,30,18,20,88,IL
409,movin' out (tour),US-GA-524,23,20,20,34,GA
410,wicked (tour: emerald city),US-CA-825,19,28,30,100,CA
411,wicked (tour: emerald city),US-GA-524,43,18,23,100,GA
412,avenue q (tour),US-NC-560,16,18,22,92,NC
413,wicked (tour: emerald city),US-MI-505,18,23,28,100,MI
414,wicked (tour: emerald city),US-DC-511,25,28,25,100,DC
415,wicked (tour: emerald city),US-OR-820,46,33,29,100,OR
416,wicked (tour: emerald city),US-OH-515,16,21,21,96,OH
417,avenue q (tour),US-TX-618,24,31,37,39,TX
418,movin' out (tour),US-DC-511,23,26,30,62,DC
421,avenue q (tour),US-KY-529,17,19,19,87,KY
423,movin' out (tour),US-TX-618,15,22,27,100,TX
424,movin' out (tour),US-MA-506,59,31,27,98,MA
425,movin' out (tour),US-WA-819,35,22,21,100,WA
426,avenue q (tour),US-MO-616,26,22,20,67,MO
428,avenue q (tour),US-FL-528,38,30,35,55,FL
429,avenue q (tour),US-CA-825,16,8,12,100,CA
430,movin' out (tour),US-MN-613,14,13,13,83,MN
440,wicked (tour: emerald city),US-CT-533,95,18,10,67,CT
444,wicked (tour: emerald city),US-MA-521,82,7,3,29,MA
446,movin' out (tour),US-NC-560,63,11,5,31,NC
458,movin' out (tour),US-TX-623,19,11,10,80,TX
461,wicked (tour: emerald city),US-FL-539,83,9,8,88,FL
479,avenue q (tour),US-NY-538,23,6,11,100,NY
480,avenue q (tour),US-KY-529,45,7,10,100,KY
482,wicked (tour: emerald city),US-CA-807,26,7,11,100,CA
484,avenue q (tour),US-IA-679,7,6,16,69,IA
485,wicked (tour: emerald city),US-CA-803,7,4,9,7,CA
488,wicked (tour: emerald city),US-CA-825,15,5,7,83,CA
489,avenue q (tour),US-MN-613,19,8,10,100,MN
490,avenue q (tour),US-FL-528,32,10,15,84,FL
491,movin' out (tour),US-IL-602,10,7,9,100,IL
492,wicked (tour: emerald city),US-OK-650,7,6,7,100,OK
493,movin' out (tour),US-TX-618,31,9,10,100,TX
494,wicked (tour: emerald city),US-OH-535,14,4,6,100,OH
496,movin' out (tour),US-MO-616,2,3,5,77,MO
497,wicked (tour: emerald city),US-MD-512,9,4,5,96,MD
500,movin' out (tour),US-DC-511,13,3,7,90,DC
502,avenue q (tour),US-DC-511,13,6,13,100,DC
506,movin' out (tour),US-CO-751,23,11,17,0,CO
510,avenue q (tour),US-MO-616,23,5,9,100,MO
512,wicked (tour: emerald city),US-IL-609,60,17,13,0,IL
514,avenue q (tour),US-NY-514,17,5,7,100,NY
517,movin' out (tour),US-TX-635,9,3,7,90,TX
519,movin' out (tour),US-TX-623,21,5,7,100,TX
521,wicked (tour: emerald city),US-GA-524,8,4,7,100,GA
522,movin' out (tour),US-CA-803,7,8,12,91,CA
523,wicked (tour: emerald city),US-AZ-753,10,4,8,100,AZ
524,avenue q (tour),US-MA-506,41,2,10,100,MA
525,wicked (tour: emerald city),US-FL-528,41,6,11,0,FL
530,wicked (tour: emerald city),US-CO-751,16,6,8,100,CO
532,wicked (tour: emerald city),US-OR-820,14,6,8,88,OR
533,movin' out (tour),US-NE-652,12,4,8,100,NE
535,avenue q (tour),US-NC-560,5,3,8,100,NC
539,movin' out (tour),US-FL-528,5,3,11,100,FL
540,wicked (tour: emerald city),US-WA-819,7,5,21,49,WA
541,movin' out (tour),US-MA-521,7,4,18,82,MA
542,wicked (tour: emerald city),US-NC-517,8,5,11,98,NC
544,movin' out (tour),US-NV-770,5,3,10,92,NV
545,wicked (tour: emerald city),US-TX-618,11,9,18,59,TX
546,movin' out (tour),US-IL-609,6,5,12,80,IL
547,movin' out (tour),US-MI-505,5,7,13,95,MI
548,avenue q (tour),US-CA-807,7,6,13,100,CA
551,avenue q (tour),US-MD-512,6,5,13,100,MD
552,wicked (tour: emerald city),US-MO-616,7,3,8,100,MO
558,wicked (tour: emerald city),US-IL-602,15,7,14,86,IL
559,movin' out (tour),CA-ON,17,11,29,17,ON
562,wicked (tour: san francisco),US-CA-807,4,3,12,90,CA
563,wicked (tour: chicago),US-IL-602,6,4,10,100,IL
566,avenue q (tour),US-MD-512,8,6,15,100,MD
567,movin' out (tour),US-NE-652,4,5,11,60,NE
572,movin' out (tour),US-MO-616,18,6,13,96,MO
576,anything goes,US-SC-567,22,9,15,0,SC
577,wicked (tour: munchkinland),CA-SK,8,2,8,89,SK
578,avenue q (tour),US-MI-563,20,6,12,100,MI
581,fiddler on the roof (tour),US-OR-820,7,5,11,100,OR
583,movin' out (tour),US-TX-635,3,4,11,85,TX
584,bombay dreams (tour),US-PA-508,8,6,13,100,PA
586,movin' out (tour),US-PA-504,6,2,7,80,PA
587,avenue q (tour),US-WI-617,9,4,13,100,WI
595,avenue q (tour),US-OR-820,97,11,6,35,OR
616,wicked (tour: emerald city),US-MI-551,57,31,16,35,MI
618,wicked (tour: emerald city),US-NV-770,86,41,36,80,NV
624,avenue q (tour),US-TX-618,40,38,24,60,TX
628,avenue q (tour),US-KY-529,52,24,15,29,KY
632,wicked (tour: munchkinland),US-TX-623,49,39,27,24,TX
635,avenue q (tour),US-CA-825,21,19,14,100,CA
636,into the woods (tour),US-TX-692,22,17,16,88,TX
637,avenue q (tour),US-NE-652,15,29,25,100,NE
638,avenue q (tour),US-OH-510,18,22,13,100,OH
639,wicked (tour: munchkinland),US-MO-619,13,9,11,84,MO
640,into the woods (tour),US-PA-566,39,36,23,100,PA
641,wicked (tour: munchkinland),US-IL-675,18,23,15,83,IL
642,wicked (tour: munchkinland),US-NY-555,52,32,19,100,NY
643,into the woods (tour),US-OH-510,22,17,17,100,OH
644,movin' out (tour),CA-ON,51,22,17,61,ON
645,avenue q (tour),US-IA-679,35,18,11,100,IA
647,wicked (tour: munchkinland),US-AL-630,20,13,11,100,AL
649,wicked (tour: munchkinland),US-NY-538,22,16,14,85,NY
650,into the woods (tour),US-IN-527,22,12,12,94,IN
651,wicked (tour: munchkinland),CA-MB,26,7,9,100,MB
652,wicked (tour: munchkinland),US-OH-515,12,12,13,100,OH
654,wicked (tour: emerald city),US-PA-508,15,8,9,100,PA
655,wicked (tour: munchkinland),US-DC-511,35,18,10,54,DC
656,wicked (tour: munchkinland),US-MD-512,39,10,7,100,MD
659,into the woods (tour),US-SD-725,73,37,23,80,SD
660,movin' out (tour),US-AZ-753,20,8,8,100,AZ
662,wicked (tour: emerald city),US-FL-534,47,18,17,90,FL
663,wicked (tour: munchkinland),US-FL-571,14,11,11,74,FL
665,movin' out (tour),US-DC-511,17,13,14,100,DC
666,wicked (tour: munchkinland),US-MI-505,30,7,11,100,MI
668,wicked (tour: munchkinland),US-NY-514,11,12,14,95,NY
669,avenue q (tour),US-TX-641,17,6,10,88,TX
671,avenue q (tour),US-SC-567,27,11,8,84,SC
672,wicked (tour: emerald city),US-VA-556,13,5,7,85,VA
674,wicked (tour: munchkinland),US-OH-542,25,3,7,100,OH
677,movin' out (tour),US-GA-524,55,12,11,84,GA
678,wicked (tour: munchkinland),CA-AB,14,12,15,100,AB
680,avenue q (tour),US-FL-528,9,11,11,80,FL
681,wicked (tour: emerald city),US-AZ-753,6,2,8,100,AZ
682,into the woods (tour),US-NY-501,18,5,15,70,NY
683,fiddler on the roof (tour),US-MA-521,10,13,10,100,MA
686,wicked (tour: munchkinland),US-MI-563,29,11,8,100,MI
692,wicked (tour: munchkinland),US-OH-535,44,13,11,100,OH
695,avenue q (tour),US-CO-751,7,4,6,100,CO
697,wicked (tour: munchkinland),US-CT-533,39,27,15,23,CT
700,wicked (tour: emerald city),US-OR-820,50,20,19,76,OR
704,wicked (tour: munchkinland),CA-QC,41,75,24,32,QC
713,avenue q (tour),US-CT-533,50,32,26,100,CT
714,avenue q (tour),CA-ON,33,47,19,100,ON
717,wicked (tour: munchkinland),US-VA-556,91,37,19,26,VA
720,wicked (tour: munchkinland),US-WI-617,99,74,32,28,WI
724,wicked (tour: emerald city),US-AZ-789,93,18,19,21,AZ
733,wicked (tour: emerald city),US-OH-510,16,13,8,100,OH
735,fiddler on the roof (tour),US-OH-510,10,13,10,38,OH
736,wicked (tour: emerald city),US-MN-613,9,9,6,76,MN
737,avenue q (tour),US-PA-504,17,7,8,100,PA
738,movin' out (tour),US-MI-505,25,8,6,100,MI
740,wicked (tour: munchkinland),US-ID-757,31,19,10,100,ID
741,wicked (tour: munchkinland),US-OK-671,80,17,11,89,OK
742,fiddler on the roof (tour),CA-AB,17,8,7,100,AB
743,movin' out (tour),US-CA-825,18,11,6,100,CA
744,fiddler on the roof (tour),US-WI-658,77,26,12,82,WI
746,wicked (tour: emerald city),US-NE-652,34,14,11,100,NE
747,avenue q (tour),US-NY-538,21,14,9,91,NY
749,wicked (tour: munchkinland),US-SC-546,45,20,12,97,SC
751,into the woods (tour),US-IL-609,33,4,2,100,IL
752,wicked (tour: munchkinland),US-LA-622,19,12,6,97,LA
754,fiddler on the roof (tour),US-GA-524,39,21,15,100,GA
757,fiddler on the roof (tour),US-DC-511,10,9,5,100,DC
759,bombay dreams (tour),US-OH-510,24,12,8,100,OH
764,wicked (tour: munchkinland),US-TN-659,44,8,7,0,TN
765,wicked (tour: munchkinland),US-GA-524,24,5,5,100,GA
768,wicked (tour: emerald city),US-CO-751,15,7,3,100,CO
769,avenue q (tour),US-MO-616,46,7,3,100,MO
771,avenue q (tour),US-IN-527,46,32,22,100,IN
772,fiddler on the roof (tour),CA-ON,18,13,9,100,ON
776,wicked (tour: munchkinland),US-WI-658,17,16,9,90,WI
777,wicked (tour: munchkinland),US-CA-803,17,10,6,100,CA
780,bombay dreams (tour),US-NC-517,21,8,7,100,NC
781,wicked (tour: munchkinland),US-CA-866,18,8,4,64,CA
784,wicked (tour: emerald city),US-TX-618,33,5,14,29,TX
789,avenue q (tour),US-MI-551,39,4,8,26,MI
798,avenue q (tour),US-NY-523,72,5,7,0,NY
800,wicked (tour: emerald city),US-FL-539,16,14,19,23,FL
802,wicked (tour: emerald city),US-GA-524,19,19,24,29,GA
803,avenue q (tour),US-WI-669,20,20,25,38,WI
804,avenue q (tour),US-FL-561,36,21,25,45,FL
806,fiddler on the roof (tour),US-WA-819,35,25,26,42,WA
809,movin' out (tour),US-TX-618,15,21,20,51,TX
810,wicked (tour: munchkinland),US-TN-640,41,26,30,42,TN
811,wicked (tour: emerald city),US-DC-511,14,21,26,26,DC
813,wicked (tour: munchkinland),CA-BC,18,16,24,38,BC
816,movin' out (tour),US-CA-803,16,25,21,100,CA
817,fiddler on the roof (tour),US-FL-534,16,15,11,42,FL
818,wicked (tour: emerald city),US-OH-535,5,15,12,68,OH
819,into the woods (tour),US-CA-803,13,21,16,93,CA
820,wicked (tour: emerald city),US-PA-504,43,23,16,49,PA
821,fiddler on the roof (tour),US-FL-539,16,18,14,46,FL
822,wicked (tour: munchkinland),US-OR-801,16,21,14,70,OR
823,wicked (tour: munchkinland),US-SC-567,28,24,16,96,SC
824,fiddler on the roof (tour),US-MN-613,9,13,10,48,MN
825,wicked (tour: emerald city),US-CA-825,16,14,13,85,CA
826,wicked (tour: munchkinland),US-FL-528,22,21,15,88,FL
827,fiddler on the roof (tour),US-MD-512,67,29,19,77,MD
829,wicked (tour: emerald city),US-LA-622,37,17,9,49,LA
830,wicked (tour: munchkinland),US-AR-693,35,23,16,100,AR
831,wicked (tour: munchkinland),US-OH-510,17,16,13,100,OH
832,wicked (tour: emerald city),US-MA-521,17,21,18,54,MA
834,bombay dreams (tour),US-OH-535,24,22,14,100,OH
836,wicked (tour: munchkinland),US-TX-618,59,24,13,62,TX
837,wicked (tour: munchkinland),CA-ON,14,20,14,77,ON
838,wicked (tour: emerald city),US-FL-528,10,14,11,21,FL
839,movin' out (tour),US-CO-751,20,16,11,100,CO
841,wicked (tour: emerald city),US-CA-862,57,30,21,100,CA
842,wicked (tour: munchkinland),US-WA-819,12,23,16,64,WA
843,wicked (tour: munchkinland),US-OH-547,18,37,27,72,OH
847,avenue q (tour),US-DC-511,59,56,48,64,DC
848,wicked (tour: emerald city),US-OH-535,34,27,23,64,OH
850,avenue q (tour),US-MO-616,58,56,49,57,MO
851,wicked (tour: emerald city),US-OR-820,43,26,25,63,OR
852,movin' out (tour),US-MO-616,46,50,47,45,MO
853,bombay dreams (tour),US-FL-539,52,59,41,56,FL
854,avenue q (tour),US-WI-617,41,28,23,43,WI
855,avenue q (tour),US-NC-560,19,34,26,20,NC
856,movin' out (tour),US-OR-820,80,54,44,44,OR
858,movin' out (tour),US-NC-560,38,43,30,34,NC
859,wicked (tour: emerald city),US-OH-510,63,40,29,48,OH
860,avenue q (tour),US-PA-504,43,36,14,14,PA
863,wicked (tour: emerald city),US-MA-521,34,44,40,61,MA
864,avenue q (tour),US-PA-508,73,58,52,94,PA
866,wicked (tour: emerald city),US-PA-508,31,33,26,21,PA
867,movin' out (tour),US-DC-511,23,40,34,59,DC
868,wicked (tour: emerald city),US-MN-613,19,36,36,68,MN
870,wicked (tour: emerald city),US-CA-803,61,49,40,70,CA
871,avenue q (tour),US-CA-807,34,32,27,70,CA
872,avenue q (tour),US-CA-825,21,29,27,82,CA
876,wicked (tour: emerald city),US-TX-623,32,37,30,55,TX
877,wicked (tour: emerald city),US-NY-538,60,45,39,69,NY
878,bombay dreams (tour),CA-ON,59,32,29,66,ON
879,movin' out (tour),US-PA-504,36,37,33,67,PA
880,wicked (tour: emerald city),US-MD-512,46,41,36,96,MD
881,movin' out (tour),US-CA-803,47,60,49,62,CA
882,avenue q (tour),US-MI-551,60,35,36,73,MI
884,movin' out (tour),CA-ON,24,43,41,56,ON
885,wicked (tour: emerald city),US-CA-807,36,52,44,61,CA
886,movin' out (tour),US-FL-528,49,39,33,52,FL
887,avenue q (tour),US-IA-679,19,18,18,39,IA
888,wicked (tour: emerald city),US-GA-524,47,40,38,71,GA
890,bombay dreams (tour),US-PA-508,41,31,32,29,PA
893,avenue q (tour),US-AZ-789,35,26,19,74,AZ
894,avenue q (tour),US-KY-529,78,27,23,96,KY
895,wicked (tour: emerald city),US-MO-616,69,71,79,81,MO
896,wicked (tour: emerald city),US-NY-514,78,74,79,86,NY
897,wicked (tour: emerald city),US-DC-511,75,76,85,94,DC
898,bombay dreams (tour),US-OH-510,43,39,53,89,OH
899,bombay dreams (tour),US-NC-517,72,70,80,88,NC
900,avenue q (tour),US-OH-510,71,74,82,83,OH
901,bombay dreams (tour),US-TX-623,48,67,78,90,TX
903,wicked (tour: emerald city),US-AZ-753,62,68,78,91,AZ
904,avenue q (tour),US-MD-512,69,68,78,100,MD
905,avenue q (tour),US-GA-524,82,71,79,94,GA
906,bombay dreams (tour),US-GA-524,78,61,70,87,GA
907,movin' out (tour),US-NE-652,71,70,80,93,NE
908,bombay dreams (tour),US-OH-535,76,74,81,87,OH
909,wicked (tour: emerald city),US-TX-618,75,78,85,91,TX
910,movin' out (tour),US-MA-521,77,72,79,96,MA
911,avenue q (tour),US-CA-803,70,65,74,76,CA
912,movin' out (tour),US-TX-618,57,55,69,63,TX
913,movin' out (tour),US-TX-623,56,65,76,86,TX
914,movin' out (tour),US-IL-602,63,65,71,73,IL
915,wicked (tour: emerald city),US-MI-551,64,71,81,89,MI
916,avenue q (tour),US-FL-539,60,65,72,76,FL
917,wicked (tour: emerald city),US-MA-506,72,64,67,78,MA
918,avenue q (tour),US-MA-506,62,70,77,91,MA
919,avenue q (tour),US-NY-514,72,71,83,86,NY
920,wicked (tour: emerald city),US-FL-539,65,62,72,100,FL
921,movin' out (tour),US-OH-515,35,43,42,35,OH
922,wicked (tour: emerald city),US-FL-534,39,44,42,39,FL
924,movin' out (tour),US-GA-524,25,22,31,33,GA
926,wicked (tour: emerald city),US-IL-602,16,16,23,17,IL
930,wicked (tour: emerald city),US-OH-515,34,36,41,97,OH
931,wicked (tour: emerald city),US-CO-751,36,34,47,66,CO
932,movin' out (tour),US-NY-538,26,22,33,51,NY
934,wicked (tour: emerald city),US-CA-825,14,13,17,45,CA
935,wicked (tour: emerald city),US-MI-505,34,31,39,86,MI
936,movin' out (tour),US-MN-613,40,40,48,60,MN
937,movin' out (tour),US-MA-506,39,29,34,17,MA
939,avenue q (tour),US-MN-613,20,20,24,20,MN
943,wicked (tour: emerald city),US-CT-533,51,47,53,95,CT
944,wicked (tour: emerald city),CA-ON,20,21,26,94,ON
945,movin' out (tour),US-IL-609,19,27,32,93,IL
946,avenue q (tour),US-WI-617,22,24,23,25,WI
947,wicked (tour: emerald city),US-AZ-753,38,38,48,70,AZ
948,bombay dreams (tour),US-WA-819,20,24,30,94,WA
949,wicked (tour: emerald city),US-MA-506,31,34,41,70,MA
950,bombay dreams (tour),US-PA-508,70,69,49,74,PA
951,wicked (tour: emerald city),US-OR-820,12,18,20,83,OR
952,wicked (tour: emerald city),US-TX-623,15,16,22,17,TX
954,avenue q (tour),US-CA-807,21,20,23,18,CA
955,wicked (tour: emerald city),US-FL-534,13,16,22,94,FL
956,movin' out (tour),US-AZ-753,37,32,41,45,AZ
957,bombay dreams (tour),US-OH-510,9,17,20,88,OH
958,avenue q (tour),US-FL-539,92,79,78,86,FL
959,wicked (tour: emerald city),US-MO-616,72,51,58,94,MO
960,wicked (tour: emerald city),US-OK-650,64,53,60,59,OK
961,movin' out (tour),US-NE-652,25,21,25,91,NE
962,avenue q (tour),US-GA-524,23,26,32,24,GA
963,avenue q (tour),US-MD-512,51,45,45,82,MD
965,wicked (tour: emerald city),US-OH-535,33,28,33,93,OH
966,avenue q (tour),US-OH-535,21,20,23,98,OH
968,wicked (tour: emerald city),US-MN-613,26,23,29,34,MN
970,bombay dreams (tour),US-IL-609,34,33,48,49,IL
971,avenue q (tour),US-DC-511,27,25,29,80,DC
972,movin' out (tour),US-FL-528,24,23,30,68,FL
973,movin' out (tour),US-MI-505,26,31,36,83,MI
975,movin' out (tour),US-GA-524,16,19,22,90,GA
976,movin' out (tour),US-WA-819,61,52,52,68,WA
977,avenue q (tour),US-IL-609,21,24,27,91,IL
978,bombay dreams (tour),US-GA-524,24,25,29,23,GA
979,movin' out (tour),US-PA-504,20,19,23,16,PA
981,movin' out (tour),US-MA-521,53,50,33,23,MA
983,wicked (tour: emerald city),CA-ON,28,24,34,87,ON
984,movin' out (tour),US-MO-616,25,25,34,85,MO
985,movin' out (tour),US-OR-820,27,23,26,57,OR
986,movin' out (tour),US-NC-560,28,34,42,93,NC
987,avenue q (tour),US-MI-551,20,17,23,92,MI
988,avenue q (tour),US-MO-616,13,15,26,65,MO
989,wicked (tour: emerald city),US-OH-510,21,25,28,82,OH
993,wicked (tour: emerald city),US-NY-514,32,29,36,89,NY
994,bombay dreams (tour),US-NC-517,83,79,78,75,NC
995,wicked (tour: emerald city),US-MD-512,22,20,23,86,MD
996,movin' out (tour),US-IL-609,27,21,23,95,IL
997,wicked (tour: emerald city),US-CA-807,16,19,29,81,CA
999,wicked (tour: emerald city),US-PA-504,19,26,32,92,PA
1000,avenue q (tour),US-NC-560,25,27,31,84,NC
1001,wicked (tour: emerald city),US-CT-533,47,40,42,79,CT
1002,wicked (tour: emerald city),US-IL-609,48,49,50,82,IL
1003,wicked (tour: emerald city),US-NC-517,30,38,43,91,NC
1004,avenue q (tour),US-AZ-789,61,44,42,93,AZ
1005,movin' out (tour),US-MN-613,21,25,33,89,MN
1006,avenue q (tour),US-NY-514,55,40,41,94,NY
1007,movin' out (tour),US-OH-515,15,16,19,75,OH
1008,wicked (tour: emerald city),US-GA-524,19,22,30,89,GA
1009,wicked (tour: emerald city),US-MI-505,39,15,8,84,MI
1010,movin' out (tour),US-NY-538,24,10,6,84,NY
1011,avenue q (tour),US-FL-528,22,8,5,100,FL
1012,wicked (tour: emerald city),US-CA-825,23,13,7,100,CA
1013,bombay dreams (tour),US-TX-618,19,14,7,50,TX
1014,wicked (tour: emerald city),US-CO-751,19,16,8,43,CO
1015,avenue q (tour),US-MN-613,25,12,5,86,MN
1016,avenue q (tour),US-CA-803,40,16,7,39,CA
1017,movin' out (tour),US-MA-506,41,20,9,82,MA
1019,wicked (tour: emerald city),US-WA-819,38,17,8,100,WA
1020,avenue q (tour),US-TX-618,26,16,9,100,TX
1021,movin' out (tour),US-CA-807,12,8,5,100,CA
1022,bombay dreams (tour),US-OH-535,25,16,6,7,OH
1025,bombay dreams (tour),US-CA-803,26,17,6,23,CA
1027,wicked (tour: emerald city),US-FL-528,23,14,9,100,FL
1029,avenue q (tour),US-CA-825,15,11,6,100,CA
1031,avenue q (tour),US-NY-538,22,5,7,100,NY
1032,wicked (tour: emerald city),US-TX-618,32,16,13,56,TX
1034,wicked (tour: emerald city),US-MI-551,11,7,7,100,MI
1035,movin' out (tour),US-CA-825,39,15,10,97,CA
1037,wicked (tour: emerald city),US-FL-539,30,20,16,80,FL
1038,movin' out (tour),US-TX-623,39,21,13,100,TX
1039,movin' out (tour),US-DC-511,16,19,16,100,DC
1040,movin' out (tour),US-CO-751,71,26,16,100,CO
1041,bombay dreams (tour),US-CO-751,84,25,23,62,CO
1043,movin' out (tour),US-CA-803,7,8,22,7,CA
1045,movin' out (tour),US-NV-770,29,15,22,11,NV
1046,wicked (tour: emerald city),US-DC-511,8,7,5,69,DC
1047,avenue q (tour),US-MD-512,18,5,6,100,MD
1048,movin' out (tour),US-NE-652,27,16,11,96,NE
1049,wicked (tour: emerald city),US-MI-505,47,18,11,68,MI
1050,bombay dreams (tour),US-NC-517,27,14,10,80,NC
1051,avenue q (tour),US-FL-539,8,9,7,75,FL
1052,bombay dreams (tour),US-IL-609,19,16,12,100,IL
1053,avenue q (tour),US-KY-529,24,16,12,100,KY
1054,movin' out (tour),US-TX-618,20,22,10,98,TX
1055,bombay dreams (tour),US-PA-508,19,9,9,67,PA
1057,movin' out (tour),US-NY-538,9,9,7,91,NY
1060,avenue q (tour),US-DC-511,52,19,12,93,DC
1061,movin' out (tour),US-NV-770,62,34,17,88,NV
1065,bombay dreams (tour),US-CO-751,15,15,10,100,CO
1066,avenue q (tour),US-PA-508,29,14,22,10,PA
1067,avenue q (tour),US-WI-617,6,9,7,85,WI
1069,wicked (tour: emerald city),US-MD-512,28,16,10,91,MD
1071,wicked (tour: emerald city),US-GA-524,18,13,9,82,GA
1072,avenue q (tour),US-NY-514,20,10,9,69,NY
1074,movin' out (tour),US-TX-635,15,5,5,91,TX
1075,avenue q (tour),US-OH-535,46,20,9,37,OH
1076,avenue q (tour),US-NC-560,64,17,7,100,NC
1077,movin' out (tour),US-MO-616,47,21,10,100,MO
1078,avenue q (tour),US-MI-551,24,22,15,94,MI
1080,movin' out (tour),US-PA-504,21,19,11,92,PA
1083,movin' out (tour),US-IL-609,34,12,11,100,IL
1086,avenue q (tour),US-PA-504,79,15,5,98,PA
1087,wicked (tour: emerald city),CA-ON,28,12,9,94,ON
1089,movin' out (tour),CA-ON,88,41,19,100,ON
1090,wicked (tour: emerald city),US-CA-807,51,19,11,99,CA
1091,avenue q (tour),US-MA-506,30,16,17,100,MA
1092,wicked (tour: emerald city),US-OH-535,16,10,11,82,OH
1093,wicked (tour: emerald city),US-FL-534,32,6,15,100,FL
1094,wicked (tour: emerald city),US-OH-510,20,8,20,33,OH
1095,movin' out (tour),US-FL-528,25,16,23,66,FL
1096,wicked (tour: emerald city),US-OH-515,50,9,11,100,OH
1101,movin' out (tour),US-IL-602,49,13,23,73,IL
1104,avenue q (tour),US-CA-825,31,26,30,90,CA
1105,bombay dreams (tour),CA-ON,13,16,18,76,ON
1106,movin' out (tour),US-MI-505,36,18,20,51,MI
1107,wicked (tour: emerald city),US-WA-819,12,7,13,92,WA
1110,avenue q (tour),US-TX-618,29,24,28,72,TX
1113,avenue q (tour),US-NY-538,56,4,8,18,NY
1117,wicked (tour: emerald city),US-MI-551,39,19,29,43,MI
1120,wicked (tour: emerald city),US-MN-613,18,16,28,100,MN
1128,movin' out (tour),US-TX-623,6,4,4,8,TX
1129,bombay dreams (tour),US-TX-618,4,2,4,21,TX
1130,movin' out (tour),US-MA-521,12,8,5,19,MA
1133,movin' out (tour),US-OR-820,19,12,5,1,OR
1139,movin' out (tour),US-NC-560,8,5,5,4,NC
1142,wicked (tour: emerald city),US-CA-803,45,15,7,3,CA
1166,movin' out (tour),US-CA-825,21,5,18,2,CA
1169,bombay dreams (tour),US-CA-862,32,11,12,18,CA
1175,wicked (tour: emerald city),US-NC-517,55,33,25,6,NC
1177,wicked (tour: emerald city),US-FL-528,52,18,24,7,FL
1178,movin' out (tour),US-IL-609,49,9,18,13,IL
1191,avenue q (tour),US-OH-535,36,4,15,5,OH
1199,avenue q (tour),US-GA-524,11,5,17,12,GA
1210,wicked (tour: emerald city),US-IL-609,55,18,11,7,IL
1213,wicked (tour: emerald city),US-CO-751,84,16,9,5,CO
1221,movin' out (tour),US-CO-751,9,6,14,10,CO
1222,avenue q (tour),US-WI-617,20,6,15,28,WI
1224,wicked (tour: emerald city),US-PA-508,44,13,14,6,PA
1232,wicked (tour: emerald city),US-TX-618,14,8,12,5,TX
1233,movin' out (tour),US-PA-504,23,8,14,7,PA
1249,into the woods (tour),US-KY-541,36,23,13,13,KY
1250,wicked (tour: emerald city),CA-ON,67,45,26,17,ON
1253,avenue q (tour),US-SC-567,56,11,17,41,SC
1255,into the woods (tour),US-TX-623,44,26,25,11,TX
1260,avenue q (tour),US-OH-515,73,6,11,14,OH
1264,wicked (tour: los angeles),US-CA-803,43,3,11,55,CA
1265,wicked (tour: emerald city),US-TX-641,23,9,10,16,TX
1273,wicked (tour: emerald city),US-HI-744,32,20,25,56,HI
1276,wicked (tour: emerald city),US-MA-506,44,17,15,10,MA
1277,wicked (tour: munchkinland),US-FL-571,91,18,16,0,FL
1278,wicked (tour: san francisco),US-CA-807,80,41,18,9,CA
1289,wicked (tour: emerald city),US-NY-514,44,4,12,6,NY
1290,into the woods (tour),US-CA-807,68,10,21,4,CA
1304,wicked (tour: emerald city),US-NV-839,84,34,13,11,NV
1310,wicked (tour: munchkinland),US-NV-770,28,5,18,69,NV
1321,wicked (tour: munchkinland),US-AZ-753,7,6,8,100,AZ
1322,fiddler on the roof (tour),CA-AB,5,5,21,30,AB
1323,avenue q (tour),US-AL-630,6,5,7,100,AL
1325,wicked (tour: munchkinland),US-MA-521,10,10,10,100,MA
1327,wicked (tour: emerald city),US-MN-613,13,14,17,75,MN
1328,wicked (tour: munchkinland),US-CA-807,12,11,11,58,CA
1330,wicked (tour: munchkinland),US-MA-506,17,9,8,100,MA
1332,into the woods (tour),US-TX-641,28,21,20,58,TX
1333,fiddler on the roof (tour),US-TN-640,13,18,19,100,TN
1334,avenue q (tour),CA-ON,16,16,11,87,ON
1335,wicked (tour: emerald city),US-WA-819,47,18,10,73,WA
1336,wicked (tour: emerald city),US-IL-675,15,17,18,94,IL
1337,wicked (tour: emerald city),US-TX-765,16,16,14,100,TX
1338,avenue q (tour),US-IL-602,32,12,13,89,IL
1342,anything goes,US-SC-567,8,8,8,100,SC
1345,fiddler on the roof (tour),US-FL-548,14,12,15,99,FL
1346,wicked (tour: emerald city),US-AZ-753,40,10,6,40,AZ
1347,wicked (tour: munchkinland),US-SC-567,21,12,8,100,SC
1350,wicked (tour: emerald city),US-VA-556,12,10,9,20,VA
1354,into the woods (tour),US-DC-511,13,7,11,100,DC
1355,wicked (tour: munchkinland),US-OH-510,34,4,12,100,OH
1359,wicked (tour: munchkinland),US-OK-671,11,9,13,45,OK
1361,wicked (tour: munchkinland),US-ID-757,15,3,5,100,ID
1364,fiddler on the roof (tour),US-WA-881,18,8,9,42,WA
1370,wicked (tour: emerald city),US-OR-820,11,6,7,100,OR
1371,wicked (tour: munchkinland),CA-AB,32,5,5,100,AB
1375,avenue q (tour),US-AR-670,17,10,9,100,AR
1376,wicked (tour: emerald city),US-FL-534,20,22,18,61,FL
1382,into the woods (tour),US-NC-517,8,11,12,63,NC
1387,fiddler on the roof (tour),US-FL-539,10,8,12,91,FL
1390,wicked (tour: munchkinland),US-VA-556,43,11,9,99,VA
1393,wicked (tour: emerald city),US-OH-510,99,7,8,0,OH
1394,wicked (tour: munchkinland),US-MI-563,26,10,9,32,MI
1397,wicked (tour: munchkinland),US-NY-538,25,15,14,87,NY
1406,fiddler on the roof (tour),US-CA-803,32,15,10,33,CA
1407,fiddler on the roof (tour),US-NC-560,34,5,1,100,NC
1419,wicked (tour: emerald city),US-CA-803,37,26,27,84,CA
1423,wicked (tour: munchkinland),US-NY-523,47,20,25,40,NY
1424,wicked (tour: munchkinland),US-NV-839,28,21,7,13,NV
1426,wicked (tour: emerald city),US-IL-602,89,16,17,67,IL
1429,wicked (tour: emerald city),US-OH-515,19,24,24,25,OH
1430,wicked (tour: munchkinland),US-FL-561,49,8,6,0,FL
1432,wicked (tour: munchkinland),US-IA-679,28,19,20,69,IA
1433,fiddler on the roof (tour),US-MD-512,63,13,18,84,MD
1436,fiddler on the roof (tour),US-DE,17,16,17,100,DE
1438,avenue q (tour),US-CA-862,16,17,22,58,CA
1441,avenue q (tour),US-MI-505,39,10,14,47,MI
1442,wicked (tour: munchkinland),US-IL-609,15,17,21,9,IL
1443,into the woods (tour),US-SD-725,9,8,17,49,SD
1444,wicked (tour: munchkinland),US-TN-659,37,9,17,40,TN
1445,wicked (tour: emerald city),US-MA-521,20,13,13,22,MA
1446,into the woods (tour),US-FL-539,18,9,13,15,FL
1448,wicked (tour: munchkinland),US-CA-803,34,12,23,63,CA
1449,fiddler on the roof (tour),US-TX-623,37,15,18,29,TX
1450,wicked (tour: munchkinland),US-TX-635,33,12,12,21,TX
1453,wicked (tour: emerald city),US-NM-790,30,19,15,8,NM
1458,wicked (tour: emerald city),US-NV-770,37,14,25,51,NV
1460,wicked (tour: munchkinland),CA-ON,40,6,8,0,ON
1464,movin' out (tour),US-IL-602,8,10,15,38,IL
1471,bombay dreams (tour),CA-ON,17,13,14,30,ON
1476,avenue q (tour),US-MN-613,52,6,14,93,MN
1479,avenue q (tour),US-NY-514,75,33,21,30,NY
1480,wicked (tour: emerald city),US-MA-521,43,16,22,34,MA
1484,movin' out (tour),US-DC-511,72,26,20,32,DC
1491,avenue q (tour),US-KY-529,35,12,17,66,KY
1494,movin' out (tour),US-OH-515,54,17,11,51,OH
1497,wicked (tour: emerald city),US-GA-524,68,21,10,43,GA
1499,wicked (tour: emerald city),US-OH-515,65,10,12,48,OH
1502,wicked (tour: emerald city),US-FL-528,53,10,10,41,FL
1503,movin' out (tour),US-IL-609,48,11,10,10,IL
1505,wicked (tour: emerald city),US-CA-803,86,6,13,100,CA
1511,bombay dreams (tour),US-WA-819,52,51,51,58,WA
1512,movin' out (tour),US-NE-652,34,30,22,93,NE
1513,avenue q (tour),US-MD-512,33,32,35,100,MD
1514,avenue q (tour),US-GA-524,39,12,12,100,GA
1515,movin' out (tour),US-TX-623,36,34,32,100,TX
1516,bombay dreams (tour),US-OH-510,56,26,23,54,OH
1517,wicked (tour: emerald city),US-OH-535,19,29,29,100,OH
1519,wicked (tour: emerald city),US-MI-551,38,50,48,82,MI
1520,wicked (tour: emerald city),US-MO-616,38,27,13,19,MO
1521,wicked (tour: emerald city),US-MD-512,6,6,6,25,MD
1524,movin' out (tour),CA-ON,9,9,9,6,ON
1525,wicked (tour: emerald city),US-FL-534,32,26,16,83,FL
1526,movin' out (tour),US-AZ-753,8,10,9,100,AZ
1527,bombay dreams (tour),US-PA-508,10,14,10,26,PA
1528,movin' out (tour),US-NC-560,12,19,12,100,NC
1529,avenue q (tour),US-DC-511,30,21,11,100,DC
1530,avenue q (tour),US-IL-609,13,11,13,84,IL
1531,movin' out (tour),US-FL-528,19,9,6,100,FL
1532,avenue q (tour),US-CA-807,5,6,4,100,CA
1533,wicked (tour: emerald city),US-MA-506,13,8,8,9,MA
1534,wicked (tour: emerald city),US-PA-508,3,5,7,100,PA
1535,wicked (tour: emerald city),US-FL-539,13,6,8,19,FL
1537,bombay dreams (tour),US-CO-751,14,3,4,94,CO
1538,movin' out (tour),US-TX-635,39,6,8,100,TX
1540,wicked (tour: emerald city),US-CO-751,9,4,6,100,CO
1541,wicked (tour: emerald city),CA-ON,14,19,12,100,ON
1544,avenue q (tour),US-OH-535,14,9,8,100,OH
1546,bombay dreams (tour),US-IL-609,3,6,3,100,IL
1548,movin' out (tour),US-NV-770,61,19,8,86,NV
1550,avenue q (tour),US-PA-504,19,18,16,87,PA
1551,wicked (tour: emerald city),US-TX-618,9,10,8,100,TX
1555,movin' out (tour),US-CA-803,7,13,9,4,CA
1556,bombay dreams (tour),US-FL-539,12,8,9,67,FL
1557,movin' out (tour),US-MI-505,45,19,7,61,MI
1558,movin' out (tour),US-CO-751,6,9,7,100,CO
1560,wicked (tour: emerald city),US-TX-623,12,20,16,27,TX
1561,movin' out (tour),US-PA-504,19,8,12,98,PA
1562,avenue q (tour),US-MA-506,18,12,24,34,MA
1568,avenue q (tour),US-IL-609,15,19,16,28,IL
1572,wicked (tour: emerald city),US-MA-521,53,12,17,31,MA
1573,wicked (tour: emerald city),US-PA-508,63,43,22,66,PA
1574,bombay dreams (tour),US-TX-618,59,29,16,24,TX
1576,avenue q (tour),US-AZ-789,29,47,23,100,AZ
1578,avenue q (tour),US-MO-616,46,38,12,34,MO
1583,avenue q (tour),US-IA-679,68,23,20,36,IA
1584,avenue q (tour),US-NY-538,53,24,21,87,NY
1587,wicked (tour: emerald city),US-OH-510,34,33,21,93,OH
1589,wicked (tour: emerald city),US-MD-512,36,30,19,27,MD
1591,wicked (tour: emerald city),US-MI-505,34,38,22,100,MI
1592,avenue q (tour),US-MN-613,63,35,28,34,MN
1596,avenue q (tour),US-NC-560,97,28,17,17,NC
1597,avenue q (tour),US-DC-511,32,32,29,100,DC
1601,avenue q (tour),US-PA-508,59,28,19,13,PA
1602,bombay dreams (tour),US-CA-803,20,25,24,100,CA
1603,avenue q (tour),US-FL-528,80,24,32,28,FL
1605,movin' out (tour),US-OH-515,45,7,15,28,OH
1606,movin' out (tour),US-NY-538,37,30,13,100,NY
1607,bombay dreams (tour),US-GA-524,43,22,11,77,GA
1612,bombay dreams (tour),US-OH-510,50,44,24,50,OH
1615,movin' out (tour),US-TX-618,50,31,22,74,TX
1616,avenue q (tour),US-TX-618,53,17,14,30,TX
1619,movin' out (tour),US-NE-652,52,25,25,46,NE
1621,movin' out (tour),US-MA-521,91,45,22,63,MA
1622,movin' out (tour),US-CO-751,64,31,27,29,CO
1624,movin' out (tour),US-NC-560,35,30,17,18,NC
1625,wicked (tour: emerald city),US-IL-609,32,47,23,61,IL
1627,wicked (tour: emerald city),US-WA-819,39,33,20,31,WA
1628,movin' out (tour),US-TX-635,30,15,13,12,TX
1629,wicked (tour: emerald city),US-NY-538,83,20,17,92,NY
1630,movin' out (tour),US-MN-613,90,31,21,93,MN
1631,wicked (tour: emerald city),US-CA-807,28,18,18,32,CA
1633,movin' out (tour),US-PA-504,66,33,26,99,PA
1637,movin' out (tour),US-NV-770,24,21,22,12,NV
1638,movin' out (tour),US-WA-819,18,22,21,16,WA
1639,wicked (tour: emerald city),US-CT-533,21,24,24,7,CT
1641,movin' out (tour),US-DC-511,25,26,31,81,DC
1643,movin' out (tour),US-MI-505,20,22,24,86,MI
1647,avenue q (tour),US-KY-529,23,16,17,100,KY
1648,wicked (tour: emerald city),CA-ON,17,22,24,73,ON
1650,wicked (tour: emerald city),US-PA-504,35,21,23,73,PA
1651,wicked (tour: emerald city),US-GA-524,36,32,25,21,GA
1653,wicked (tour: emerald city),US-OH-515,26,21,21,14,OH
1655,movin' out (tour),US-IL-602,12,11,14,84,IL
1658,wicked (tour: emerald city),US-TX-623,21,24,27,94,TX
1659,bombay dreams (tour),US-OH-535,37,25,26,35,OH
1660,movin' out (tour),US-TX-623,6,13,15,100,TX
1663,wicked (tour: emerald city),US-OK-650,23,17,22,86,OK
1664,avenue q (tour),US-MN-613,7,13,15,73,MN
1665,wicked (tour: emerald city),US-MD-512,28,17,21,100,MD
1666,bombay dreams (tour),US-OH-535,37,27,27,60,OH
1667,movin' out (tour),US-IL-602,20,17,19,100,IL
1669,movin' out (tour),US-OR-820,13,23,24,47,OR
1671,avenue q (tour),US-GA-524,22,17,21,25,GA
1674,bombay dreams (tour),US-GA-524,40,23,22,0,GA
1675,avenue q (tour),US-FL-539,16,24,33,29,FL
1677,avenue q (tour),US-AZ-789,30,34,33,0,AZ
1678,wicked (tour: emerald city),US-PA-508,33,6,7,72,PA
1680,bombay dreams (tour),US-PA-508,40,24,14,92,PA
1684,movin' out (tour),US-TX-635,24,8,13,64,TX
1692,wicked (tour: emerald city),US-NC-517,32,20,13,100,NC
1696,movin' out (tour),US-TX-618,48,8,7,100,TX
1699,avenue q (tour),US-MI-551,77,9,2,0,MI
1705,avenue q (tour),US-MO-616,61,21,16,42,MO
1713,wicked (tour: emerald city),US-NY-514,56,13,13,72,NY
1717,avenue q (tour),US-WI-617,8,7,7,91,WI
1718,wicked (tour: emerald city),US-OH-515,8,7,9,40,OH
1719,wicked (tour: emerald city),US-MN-613,9,4,5,100,MN
1721,bombay dreams (tour),US-NC-517,4,8,8,85,NC
1728,bombay dreams (tour),CA-ON,8,8,9,87,ON
1731,wicked (tour: emerald city),US-TX-618,21,4,6,100,TX
1732,movin' out (tour),US-OH-515,20,6,6,100,OH
1733,avenue q (tour),US-FL-528,9,4,2,100,FL
1734,movin' out (tour),US-CO-751,11,2,2,100,CO
1736,wicked (tour: emerald city),US-FL-539,8,4,3,100,FL
1743,wicked (tour: emerald city),US-MA-521,12,15,9,90,MA
1745,wicked (tour: emerald city),US-IL-609,33,5,4,100,IL
1747,wicked (tour: emerald city),US-MI-505,12,14,13,100,MI
1749,avenue q (tour),US-PA-508,10,4,5,91,PA
1751,avenue q (tour),US-OH-510,7,6,5,100,OH
1766,bombay dreams (tour),US-WA-819,27,29,4,18,WA
1768,avenue q (tour),US-IL-609,79,23,5,26,IL
1795,avenue q (tour),US-WI-617,79,12,3,0,WI
1797,movin' out (tour),US-NC-560,53,48,45,68,NC
1798,avenue q (tour),US-PA-504,58,59,57,72,PA
1799,movin' out (tour),US-TX-618,64,57,52,77,TX
1800,avenue q (tour),US-NY-538,36,45,44,67,NY
1801,avenue q (tour),US-OH-510,51,48,49,53,OH
1802,avenue q (tour),US-FL-528,43,44,48,46,FL
1803,wicked (tour: emerald city),US-MI-551,43,46,45,45,MI
1804,wicked (tour: emerald city),US-TX-618,60,59,57,56,TX
1805,avenue q (tour),US-MO-616,61,52,50,59,MO
1806,avenue q (tour),US-GA-524,52,58,58,76,GA
1807,wicked (tour: emerald city),US-FL-534,44,42,42,88,FL
1808,bombay dreams (tour),US-FL-539,42,63,59,55,FL
1810,avenue q (tour),US-MI-551,66,58,54,57,MI
1811,wicked (tour: emerald city),US-OH-510,60,55,54,73,OH
1812,movin' out (tour),US-TX-635,40,53,52,71,TX
1813,movin' out (tour),US-AZ-753,65,50,52,62,AZ
1814,wicked (tour: emerald city),US-CA-807,68,69,67,88,CA
1815,movin' out (tour),US-GA-524,44,48,52,85,GA
1816,bombay dreams (tour),US-TX-623,65,63,63,53,TX
1817,avenue q (tour),US-MN-613,66,59,59,85,MN
1818,movin' out (tour),US-MA-521,54,50,51,63,MA
1819,wicked (tour: emerald city),US-MI-505,63,52,54,80,MI
1820,wicked (tour: emerald city),US-FL-528,85,68,57,68,FL
1822,wicked (tour: emerald city),US-PA-504,53,51,49,73,PA
1823,movin' out (tour),CA-ON,61,60,61,65,ON
1824,avenue q (tour),US-NC-560,23,40,42,68,NC
1825,avenue q (tour),US-IA-679,37,50,52,87,IA
1826,movin' out (tour),US-CA-825,65,60,59,46,CA
1827,avenue q (tour),US-CA-825,51,54,50,59,CA
1828,wicked (tour: emerald city),US-OH-515,54,45,46,100,OH
1829,wicked (tour: emerald city),US-CA-803,75,62,56,77,CA
1830,avenue q (tour),US-CA-807,29,37,39,58,CA
1831,movin' out (tour),US-CA-807,54,51,46,48,CA
1832,avenue q (tour),US-TX-618,53,51,49,67,TX
1833,wicked (tour: emerald city),CA-ON,47,56,51,99,ON
1834,avenue q (tour),US-MD-512,49,43,43,95,MD
1835,movin' out (tour),US-FL-528,43,52,53,98,FL
1837,movin' out (tour),US-MA-506,60,63,62,81,MA
1838,bombay dreams (tour),US-IL-609,36,57,53,87,IL
1839,avenue q (tour),US-DC-511,91,49,49,46,DC
1840,bombay dreams (tour),US-PA-508,58,45,46,42,PA
1841,wicked (tour: emerald city),US-GA-524,50,60,47,43,GA
1842,avenue q (tour),US-FL-539,71,68,61,93,FL
1843,wicked (tour: emerald city),US-CO-751,57,56,52,100,CO
1844,wicked (tour: emerald city),US-AZ-753,63,52,50,53,AZ
1845,movin' out (tour),US-TX-623,48,46,48,100,TX
1846,wicked (tour: emerald city),US-IL-602,66,55,58,100,IL
1847,movin' out (tour),US-MI-505,72,56,55,79,MI
1848,wicked (tour: emerald city),US-CT-533,62,55,58,71,CT
1849,wicked (tour: emerald city),US-IL-609,49,53,55,74,IL
1850,movin' out (tour),US-CA-803,61,58,59,78,CA
1852,movin' out (tour),US-WA-819,53,48,49,57,WA
1853,wicked (tour: emerald city),US-MO-616,46,50,50,77,MO
1854,movin' out (tour),US-IL-609,67,46,44,94,IL
1855,wicked (tour: emerald city),US-FL-539,65,4,13,81,FL
1856,wicked (tour: emerald city),US-NY-514,10,6,6,82,NY
1858,wicked (tour: emerald city),US-MA-506,21,8,9,74,MA
1877,into the woods (tour),US-FL-539,52,17,17,76,FL
1878,avenue q (tour),US-FL-539,24,15,18,54,FL
1880,wicked (tour: emerald city),US-TX-618,20,14,10,70,TX
1882,wicked (tour: munchkinland),US-IL-675,22,8,9,100,IL
1883,fiddler on the roof (tour),US-AZ-789,13,9,9,99,AZ
1884,into the woods (tour),US-IN-527,31,13,11,100,IN
1885,fiddler on the roof (tour),US-DE,31,25,22,76,DE
1886,wicked (tour: emerald city),US-NV-770,39,16,24,94,NV
1888,fiddler on the roof (tour),US-CA-807,16,17,18,100,CA
1889,wicked (tour: munchkinland),US-NC-560,6,11,12,54,NC
1891,avenue q (tour),US-NC-517,9,15,14,100,NC
1893,into the woods (tour),US-NE-722,7,14,11,61,NE
1894,fiddler on the roof (tour),US-FL-561,19,18,19,100,FL
1896,wicked (tour: emerald city),US-NM-790,21,15,10,97,NM
1897,avenue q (tour),US-AR-670,31,16,17,100,AR
1898,wicked (tour: munchkinland),US-NY-555,15,13,17,100,NY
1899,avenue q (tour),US-WI-658,23,16,16,58,WI
1901,wicked (tour: emerald city),US-DC-511,85,15,18,100,DC
1902,wicked (tour: munchkinland),US-IN-588,15,11,12,100,IN
1903,wicked (tour: emerald city),US-GA-524,17,9,9,100,GA
1904,avenue q (tour),US-TX-641,14,19,17,100,TX
1905,wicked (tour: emerald city),US-VA-556,24,13,13,100,VA
1910,avenue q (tour),US-CA-862,10,3,5,100,CA
1911,fiddler on the roof (tour),CA-ON,7,6,8,73,ON
1914,wicked (tour: munchkinland),US-NV-839,15,7,7,100,NV
1915,avenue q (tour),US-DC-511,9,18,11,63,DC
1916,fiddler on the roof (tour),US-CA-825,13,10,11,100,CA
1921,avenue q (tour),US-TN-659,53,23,23,84,TN
1922,wicked (tour: emerald city),US-FL-539,9,16,19,100,FL
1923,wicked (tour: munchkinland),US-NE-652,39,24,26,100,NE
1925,fiddler on the roof (tour),US-WA-819,6,6,5,89,WA
1927,fiddler on the roof (tour),US-MI-505,14,9,9,84,MI
1929,avenue q (tour),US-PA-566,83,11,16,100,PA
1930,wicked (tour: emerald city),US-AZ-753,38,13,12,66,AZ
1931,wicked (tour: munchkinland),US-FL-561,20,19,14,100,FL
1933,into the woods (tour),US-OH-510,23,10,12,81,OH
1938,wicked (tour: munchkinland),US-NY-538,25,12,10,73,NY
1942,wicked (tour: munchkinland),US-KS-678,41,10,13,68,KS
1944,wicked (tour: munchkinland),US-TX-765,19,7,6,86,TX
1945,into the woods (tour),US-CA-807,24,11,14,99,CA
1947,fiddler on the roof (tour),US-TX-635,15,6,8,100,TX
1949,avenue q (tour),CA-ON,10,8,13,18,ON
1950,wicked (tour: emerald city),US-PA-504,16,19,25,32,PA
1951,wicked (tour: munchkinland),US-PA-508,14,8,11,91,PA
1952,wicked (tour: san francisco),US-CA-807,9,10,15,13,CA
1953,wicked (tour: munchkinland),US-MN-613,11,12,15,21,MN
1955,fiddler on the roof (tour),US-FL-534,12,14,20,28,FL
1956,into the woods (tour),US-TX-641,10,12,13,31,TX
1957,wicked (tour: munchkinland),US-TX-618,19,13,18,29,TX
1958,wicked (tour: munchkinland),US-DC-511,16,12,16,18,DC
1959,avenue q (tour),US-VA-544,35,44,43,73,VA
1960,avenue q (tour),US-OH-515,13,13,19,36,OH
1961,wicked (tour: emerald city),US-CA-862,55,46,48,76,CA
1962,into the woods (tour),US-NJ,66,33,39,64,NJ
1963,fiddler on the roof (tour),CA-AB,14,12,18,26,AB
1964,wicked (tour: munchkinland),US-NV-770,18,8,11,18,NV
1965,wicked (tour: emerald city),US-OH-535,45,43,47,80,OH
1966,wicked (tour: munchkinland),US-SC-567,35,26,31,82,SC
1967,wicked (tour: munchkinland),US-LA-622,23,14,19,53,LA
1968,fiddler on the roof (tour),US-IL-602,19,15,22,45,IL
1969,avenue q (tour),US-CT-533,14,12,16,28,CT
1970,wicked (tour: munchkinland),US-TN-659,12,11,16,25,TN
1971,wicked (tour: emerald city),US-NV-839,17,22,26,81,NV
1972,fiddler on the roof (tour),US-CO-751,8,11,17,25,CO
1973,wicked (tour: munchkinland),US-WI-617,11,10,15,17,WI
1974,fiddler on the roof (tour),US-OH-510,44,40,46,88,OH
1975,wicked (tour: emerald city),US-NY-555,28,29,31,100,NY
1976,wicked (tour: munchkinland),US-GA-524,19,16,20,68,GA
1977,wicked (tour: emerald city),US-LA-622,12,14,17,40,LA
1978,wicked (tour: munchkinland),US-MO-619,24,41,35,60,MO
1980,wicked (tour: munchkinland),US-CA-825,37,29,32,100,CA
1981,wicked (tour: munchkinland),US-OR-820,11,13,19,31,OR
1982,avenue q (tour),US-TX-635,28,25,24,92,TX
1983,wicked (tour: emerald city),US-MN-613,11,19,27,42,MN
1984,into the woods (tour),US-TX-692,4,9,14,28,TX
1985,wicked (tour: chicago),US-IL-602,16,10,14,29,IL
1986,wicked (tour: munchkinland),US-NY-523,23,21,15,37,NY
1987,wicked (tour: emerald city),US-NY-514,46,42,42,79,NY
1988,fiddler on the roof (tour),US-GA-524,8,11,16,22,GA
1989,wicked (tour: munchkinland),US-TN-640,18,15,18,27,TN
1990,wicked (tour: munchkinland),US-MD-512,17,10,13,22,MD
1991,wicked (tour: emerald city),US-TX-641,16,15,18,32,TX
1992,wicked (tour: emerald city),US-WI-658,7,14,17,25,WI
1993,wicked (tour: munchkinland),US-AZ-789,9,11,15,21,AZ
1994,wicked (tour: emerald city),US-AZ-789,7,9,14,23,AZ
1995,avenue q (tour),US-TX-623,10,10,13,15,TX
1996,fiddler on the roof (tour),US-FL-539,16,11,18,57,FL
1997,into the woods (tour),US-FL-561,9,9,10,35,FL
1998,wicked (tour: munchkinland),CA-AB,19,23,30,48,AB
1999,wicked (tour: munchkinland),US-OH-515,25,12,12,87,OH
2000,into the woods (tour),US-NY-501,32,16,17,92,NY
2002,wicked (tour: munchkinland),US-CA-807,32,25,23,68,CA
2007,wicked (tour: munchkinland),CA-QC,39,27,24,97,QC
2010,into the woods (tour),US-KY-541,30,10,16,76,KY
2013,wicked (tour: munchkinland),US-OK-650,20,25,21,100,OK
2014,wicked (tour: emerald city),US-CT-533,35,25,24,82,CT
2019,wicked (tour: emerald city),US-KY-529,14,12,18,25,KY
2022,wicked (tour: munchkinland),US-IL-609,26,14,12,44,IL
2026,wicked (tour: munchkinland),US-OH-547,77,15,19,100,OH
2028,wicked (tour: emerald city),US-OK-671,41,20,19,100,OK
2029,wicked (tour: munchkinland),US-IN-527,87,15,25,42,IN
2041,wicked (tour: munchkinland),US-IL-602,58,41,29,100,IL
2043,wicked (tour: munchkinland),US-AR-693,44,10,9,100,AR
2047,fiddler on the roof (tour),US-PA-508,59,25,23,100,PA
2048,into the woods (tour),US-IL-609,19,16,21,86,IL
2050,wicked (tour: emerald city),US-NE-652,14,8,11,60,NE
2055,avenue q (tour),US-NY-523,20,13,14,35,NY
2056,wicked (tour: emerald city),US-IL-675,15,28,28,44,IL
2057,wicked (tour: munchkinland),US-OH-510,37,30,21,64,OH
2058,wicked (tour: munchkinland),US-FL-534,21,23,16,85,FL
2060,into the woods (tour),US-CA-803,69,26,16,55,CA
2062,wicked (tour: emerald city),US-TX-765,35,18,18,28,TX
2065,avenue q (tour),US-WA-819,49,23,22,100,WA
2067,wicked (tour: munchkinland),US-WA-819,18,24,22,100,WA
2071,wicked (tour: munchkinland),US-FL-571,23,15,17,44,FL
2074,wicked (tour: munchkinland),US-VA-556,51,45,39,28,VA
2079,wicked (tour: munchkinland),US-NM-790,47,38,24,70,NM
2085,avenue q (tour),US-MN-613,29,37,32,76,MN
2087,bombay dreams (tour),US-CO-751,52,29,24,63,CO
2089,avenue q (tour),US-MA-506,27,5,11,71,MA
2091,avenue q (tour),US-DC-511,21,9,19,55,DC
2092,wicked (tour: emerald city),US-AZ-753,40,11,14,76,AZ
2096,movin' out (tour),US-OR-820,39,13,13,28,OR
2097,bombay dreams (tour),US-PA-508,17,10,13,27,PA
2102,wicked (tour: emerald city),US-MN-613,33,8,14,100,MN
2104,avenue q (tour),US-NC-560,20,7,11,92,NC
2108,avenue q (tour),US-WI-617,62,7,14,83,WI
2111,bombay dreams (tour),US-NC-517,46,1,3,56,NC
2117,wicked (tour: emerald city),US-MD-512,36,1,8,100,MD
2122,movin' out (tour),US-MI-505,16,13,20,37,MI
2129,avenue q (tour),US-MI-551,32,8,14,91,MI
2131,bombay dreams (tour),US-IL-609,5,1,2,22,IL
2133,wicked (tour: emerald city),US-OH-535,10,1,7,15,OH
2138,avenue q (tour),US-PA-508,15,2,8,27,PA
2141,movin' out (tour),US-OH-515,64,17,12,79,OH
2147,movin' out (tour),US-MA-521,41,1,10,28,MA
2150,avenue q (tour),US-IL-609,13,1,6,24,IL
2154,avenue q (tour),US-FL-528,50,5,8,83,FL
2159,movin' out (tour),US-IL-602,64,13,3,41,IL
2187,wicked (tour: emerald city),US-MI-505,85,13,3,100,MI
2190,avenue q (tour),US-CA-807,70,6,4,33,CA
2193,wicked (tour: emerald city),US-CA-825,18,16,22,62,CA
2195,avenue q (tour),US-TX-618,25,17,22,29,TX
2198,wicked (tour: emerald city),US-OR-820,45,14,15,43,OR
2201,avenue q (tour),US-MI-551,43,10,13,67,MI
2202,bombay dreams (tour),US-FL-539,92,32,32,45,FL
2205,avenue q (tour),US-IA-679,45,45,28,55,IA
2208,bombay dreams (tour),US-OH-510,32,19,22,46,OH
2210,bombay dreams (tour),US-NC-517,50,11,11,50,NC
2230,movin' out (tour),US-CA-803,57,24,23,73,CA
2232,movin' out (tour),US-CA-807,9,25,21,100,CA
2233,avenue q (tour),US-NY-514,23,17,14,13,NY
2234,avenue q (tour),US-OH-535,8,18,19,86,OH
2235,wicked (tour: emerald city),US-FL-528,12,16,14,7,FL
2236,movin' out (tour),US-WA-819,42,52,29,39,WA
2237,avenue q (tour),US-WI-617,17,19,18,13,WI
2238,wicked (tour: emerald city),US-OH-515,19,23,23,61,OH
2239,wicked (tour: emerald city),US-TX-618,28,26,17,19,TX
2240,wicked (tour: emerald city),US-OK-650,8,17,16,42,OK
2241,wicked (tour: emerald city),US-MA-521,24,21,14,54,MA
2242,movin' out (tour),US-OH-515,15,20,17,31,OH
2243,avenue q (tour),US-PA-508,45,29,21,60,PA
2244,movin' out (tour),US-MO-616,22,19,20,36,MO
2245,movin' out (tour),US-CO-751,40,25,18,13,CO
2246,bombay dreams (tour),CA-ON,22,22,18,57,ON
2247,wicked (tour: emerald city),US-OH-535,12,17,19,18,OH
2248,avenue q (tour),US-IL-609,28,34,19,39,IL
2250,wicked (tour: emerald city),US-WA-819,19,32,12,28,WA
2251,movin' out (tour),US-MA-506,35,26,16,64,MA
2253,movin' out (tour),US-IL-609,34,39,22,39,IL
2254,wicked (tour: emerald city),US-IL-609,25,19,17,63,IL
2255,wicked (tour: emerald city),US-CT-533,40,32,26,14,CT
2256,wicked (tour: emerald city),US-IL-602,32,23,20,61,IL
2258,avenue q (tour),US-NY-538,26,36,27,38,NY
2259,wicked (tour: emerald city),US-OH-510,63,75,49,47,OH
2262,avenue q (tour),US-MA-506,11,19,12,30,MA
2263,wicked (tour: emerald city),US-PA-504,29,44,19,14,PA
2265,movin' out (tour),US-FL-528,28,43,23,11,FL
2266,wicked (tour: emerald city),US-TX-623,80,56,30,68,TX
2267,wicked (tour: emerald city),US-FL-539,28,31,19,17,FL
2268,movin' out (tour),US-TX-618,16,21,11,16,TX
2269,movin' out (tour),US-CA-825,18,24,16,56,CA
2271,movin' out (tour),US-TX-635,25,19,15,31,TX
2273,wicked (tour: emerald city),CA-ON,29,34,25,41,ON
2274,bombay dreams (tour),US-PA-508,24,40,24,52,PA
2275,movin' out (tour),CA-ON,10,30,17,8,ON
2276,bombay dreams (tour),US-WA-819,36,38,23,51,WA
2278,movin' out (tour),US-DC-511,21,24,19,73,DC
2282,wicked (tour: emerald city),US-OK-650,10,21,22,72,OK
2283,avenue q (tour),US-PA-504,21,26,17,17,PA
2284,avenue q (tour),US-PA-508,23,11,14,27,PA
2285,wicked (tour: emerald city),US-OR-820,7,15,17,68,OR
2286,wicked (tour: emerald city),US-GA-524,17,9,15,21,GA
2291,avenue q (tour),US-NY-538,42,12,11,47,NY
2295,avenue q (tour),US-OH-535,27,38,22,44,OH
2297,wicked (tour: emerald city),US-CA-807,11,18,19,14,CA
2298,movin' out (tour),US-CA-825,22,21,21,62,CA
2299,movin' out (tour),US-GA-524,12,18,14,15,GA
2300,avenue q (tour),US-OH-510,51,41,29,69,OH
2302,wicked (tour: emerald city),US-TX-618,8,19,16,48,TX
2303,bombay dreams (tour),US-OH-535,24,44,19,26,OH
2304,bombay dreams (tour),US-CA-862,19,27,16,22,CA
2305,movin' out (tour),US-MN-613,22,25,17,68,MN
2306,bombay dreams (tour),US-TX-618,17,22,17,49,TX
2307,movin' out (tour),US-CA-807,15,17,14,51,CA
2308,avenue q (tour),US-MO-616,36,20,16,24,MO
2310,wicked (tour: emerald city),US-IL-602,48,25,12,0,IL
2313,movin' out (tour),US-DC-511,12,17,16,12,DC
2314,movin' out (tour),US-CO-751,32,59,26,36,CO
2316,wicked (tour: emerald city),US-IL-609,76,26,23,63,IL
2317,avenue q (tour),US-FL-539,42,46,33,39,FL
2318,bombay dreams (tour),US-NC-517,20,16,20,19,NC
2319,avenue q (tour),US-NC-560,18,38,16,32,NC
2322,movin' out (tour),US-OR-820,32,27,16,31,OR
2325,movin' out (tour),US-MA-521,18,21,14,39,MA
2327,movin' out (tour),US-IL-609,42,21,16,38,IL
2328,wicked (tour: emerald city),US-MA-521,30,37,24,49,MA
2331,bombay dreams (tour),US-WA-819,14,19,18,60,WA
2332,avenue q (tour),US-CA-807,30,39,19,5,CA
2333,avenue q (tour),US-IL-609,17,19,20,17,IL
2334,wicked (tour: emerald city),CA-ON,17,22,15,78,ON
2336,movin' out (tour),US-TX-635,48,54,17,84,TX
2338,avenue q (tour),US-TX-618,51,73,48,43,TX
2339,wicked (tour: emerald city),US-FL-534,42,23,15,37,FL
2340,movin' out (tour),US-NE-652,25,24,15,10,NE
2341,wicked (tour: emerald city),US-TX-623,30,17,11,32,TX
2346,movin' out (tour),US-AZ-753,10,13,11,23,AZ
2347,wicked (tour: emerald city),US-MN-613,28,28,16,24,MN
2350,wicked (tour: emerald city),US-DC-511,26,26,22,31,DC
2353,wicked (tour: emerald city),US-NC-517,15,21,14,12,NC
2354,wicked (tour: emerald city),US-NY-538,24,19,10,20,NY
2363,avenue q (tour),US-MA-506,51,63,26,80,MA
2366,wicked (tour: emerald city),US-OH-515,28,15,13,39,OH
2367,wicked (tour: emerald city),US-FL-528,18,28,21,45,FL
2368,wicked (tour: emerald city),US-AZ-753,24,36,26,31,AZ
2373,avenue q (tour),US-FL-528,27,22,19,69,FL
2378,wicked (tour: emerald city),US-CA-803,23,15,20,34,CA
2379,wicked (tour: emerald city),US-MO-616,21,15,15,100,MO
2381,wicked (tour: emerald city),US-PA-504,29,14,19,75,PA
2383,movin' out (tour),US-MN-613,15,22,15,42,MN
2384,wicked (tour: emerald city),US-CA-803,45,47,25,12,CA
2385,avenue q (tour),US-CA-807,24,18,22,21,CA
2386,avenue q (tour),US-FL-528,19,22,17,24,FL
2388,movin' out (tour),US-TX-635,70,54,42,70,TX
2390,movin' out (tour),US-PA-504,14,12,9,20,PA
2391,bombay dreams (tour),US-GA-524,38,19,14,42,GA
2392,avenue q (tour),US-DC-511,22,19,15,35,DC
2394,movin' out (tour),US-MI-505,16,20,11,45,MI
2395,movin' out (tour),US-NY-538,32,19,25,79,NY
2396,avenue q (tour),US-CA-825,27,16,13,78,CA
2397,bombay dreams (tour),US-OH-510,26,14,14,100,OH
2398,bombay dreams (tour),CA-ON,27,12,10,33,ON
2400,bombay dreams (tour),US-OH-535,39,17,11,47,OH
2401,movin' out (tour),US-IL-602,59,21,14,45,IL
2402,wicked (tour: emerald city),US-OK-650,47,17,7,42,OK
2403,wicked (tour: emerald city),US-MA-506,33,8,9,73,MA
2405,movin' out (tour),US-MO-616,27,24,15,42,MO
2408,wicked (tour: emerald city),US-MA-521,29,18,13,61,MA
2409,wicked (tour: emerald city),US-MO-616,37,4,8,38,MO
2410,wicked (tour: emerald city),US-AZ-753,13,19,14,88,AZ
2411,wicked (tour: emerald city),US-CT-533,71,20,13,62,CT
2412,wicked (tour: emerald city),US-IL-602,17,14,9,38,IL
2413,bombay dreams (tour),US-CO-751,16,12,10,38,CO
2414,movin' out (tour),US-CO-751,75,24,12,35,CO
2415,wicked (tour: emerald city),US-MN-613,27,34,26,47,MN
2416,avenue q (tour),US-CA-803,59,32,26,61,CA
2417,bombay dreams (tour),US-TX-623,26,21,13,31,TX
2418,wicked (tour: emerald city),US-PA-508,50,16,18,83,PA
2420,movin' out (tour),US-NC-560,37,11,15,100,NC
2421,wicked (tour: emerald city),US-MD-512,40,17,15,70,MD
2422,wicked (tour: emerald city),US-NY-514,28,13,13,82,NY
2423,wicked (tour: emerald city),US-OR-820,42,13,7,32,OR
2424,avenue q (tour),US-WI-617,43,8,8,100,WI
2427,avenue q (tour),US-AZ-789,18,37,13,82,AZ
2428,wicked (tour: emerald city),US-FL-539,24,16,7,29,FL
2429,avenue q (tour),US-GA-524,27,17,10,32,GA
2430,movin' out (tour),US-CA-807,34,14,11,73,CA
2432,wicked (tour: emerald city),US-OH-535,13,15,16,64,OH
2433,bombay dreams (tour),US-CA-803,25,19,17,44,CA
2434,wicked (tour: emerald city),US-CA-825,23,19,14,100,CA
2436,avenue q (tour),US-FL-539,54,12,6,83,FL
2437,wicked (tour: emerald city),US-WA-819,13,26,19,69,WA
2438,movin' out (tour),US-MA-506,91,57,33,32,MA
2440,avenue q (tour),US-MO-616,36,30,21,42,MO
2442,wicked (tour: emerald city),US-CA-807,47,26,20,52,CA
2443,wicked (tour: emerald city),US-OH-510,57,33,32,16,OH
2444,wicked (tour: emerald city),US-FL-534,35,41,30,53,FL
2446,avenue q (tour),US-MD-512,77,31,16,67,MD
2447,movin' out (tour),US-AZ-753,58,15,7,26,AZ
2448,movin' out (tour),US-NV-770,73,24,11,27,NV
2450,movin' out (tour),US-MA-521,74,27,17,34,MA
2455,avenue q (tour),US-MN-613,62,41,27,74,MN
2456,wicked (tour: emerald city),US-MI-551,65,17,6,0,MI
2457,wicked (tour: emerald city),US-NY-538,62,37,28,55,NY
2458,wicked (tour: emerald city),US-TX-618,45,17,14,20,TX
2462,avenue q (tour),US-NY-538,76,41,25,66,NY
2464,wicked (tour: emerald city),US-CO-751,27,23,22,51,CO
2465,movin' out (tour),CA-ON,34,22,23,26,ON
2467,avenue q (tour),US-MI-551,84,12,18,67,MI
2468,bombay dreams (tour),US-PA-508,55,19,22,53,PA
2471,avenue q (tour),US-IA-679,48,16,16,17,IA
2473,movin' out (tour),US-CA-825,51,34,12,8,CA
2475,avenue q (tour),US-PA-508,54,4,4,34,PA
2477,movin' out (tour),US-TX-618,50,10,5,100,TX
2480,avenue q (tour),US-CO-751,47,15,8,0,CO
2481,avenue q (tour),US-NE-652,54,6,5,0,NE
2485,wicked (tour: emerald city),US-HI-744,96,40,26,40,HI
2488,into the woods (tour),US-NC-517,75,12,10,29,NC
2490,into the woods (tour),US-PA-566,88,35,22,66,PA
2491,avenue q (tour),US-FL-561,39,14,7,34,FL
2494,wicked (tour: emerald city),US-FL-539,28,17,18,49,FL
2518,wicked (tour: los angeles),US-CA-803,52,19,6,51,CA
2528,wicked (tour: san francisco),US-CA-807,67,11,3,58,CA
2544,wicked (tour: munchkinland),US-TX-635,33,17,8,90,TX
2545,into the woods (tour),US-IL-609,15,11,9,72,IL
2546,wicked (tour: munchkinland),US-VA-556,17,8,7,91,VA
2547,wicked (tour: emerald city),US-AZ-789,22,13,11,100,AZ
2548,into the woods (tour),US-FL-561,20,8,7,100,FL
2550,avenue q (tour),US-CA-803,65,12,2,50,CA
2556,wicked (tour: munchkinland),US-GA-524,13,5,3,100,GA
2559,wicked (tour: munchkinland),US-MN-613,11,5,5,96,MN
2560,fiddler on the roof (tour),US-FL-534,47,31,16,100,FL
2561,wicked (tour: munchkinland),US-MI-551,20,4,4,100,MI
2565,wicked (tour: munchkinland),US-KY-529,50,39,39,100,KY
2566,wicked (tour: emerald city),US-TX-765,70,64,63,73,TX
2567,avenue q (tour),US-IL-602,72,63,57,74,IL
2568,fiddler on the roof (tour),US-NC-560,55,49,43,90,NC
2569,into the woods (tour),US-CA-803,22,22,18,100,CA
2570,fiddler on the roof (tour),US-MD-512,47,38,35,87,MD
2571,wicked (tour: emerald city),US-WA-819,32,36,37,80,WA
2572,wicked (tour: munchkinland),CA-BC,46,38,33,100,BC
2573,wicked (tour: emerald city),US-IL-675,54,53,48,93,IL
2574,wicked (tour: emerald city),US-OH-535,31,28,26,26,OH
2575,wicked (tour: munchkinland),US-TX-623,44,30,27,82,TX
2576,avenue q (tour),US-NY-523,56,50,45,90,NY
2577,into the woods (tour),US-TX-641,17,19,17,84,TX
2579,wicked (tour: munchkinland),US-CT-533,32,36,28,100,CT
2581,fiddler on the roof (tour),US-IL-602,22,21,18,79,IL
2582,into the woods (tour),US-DC-511,13,13,14,77,DC
2583,wicked (tour: emerald city),US-LA-622,25,20,17,100,LA
2584,avenue q (tour),US-SC-567,23,17,14,82,SC
2586,wicked (tour: munchkinland),US-IN-527,6,14,15,71,IN
2588,wicked (tour: emerald city),US-MA-506,24,23,21,99,MA
2589,wicked (tour: munchkinland),US-MD-512,19,20,16,100,MD
2592,wicked (tour: munchkinland),US-AR-693,34,16,11,100,AR
2594,wicked (tour: emerald city),CA-ON,8,14,17,49,ON
2595,wicked (tour: munchkinland),US-OR-801,34,22,17,93,OR
2597,fiddler on the roof (tour),US-OH-510,52,37,27,32,OH
2598,fiddler on the roof (tour),US-TX-635,17,29,30,87,TX
2599,avenue q (tour),US-VA-544,33,14,19,100,VA
2602,wicked (tour: munchkinland),US-NM-790,19,16,16,100,NM
2603,wicked (tour: munchkinland),US-NY-523,50,20,21,100,NY
2604,wicked (tour: munchkinland),US-VA-544,58,19,20,100,VA
2605,wicked (tour: munchkinland),US-TX-641,28,22,19,100,TX
2606,wicked (tour: emerald city),US-DC-511,28,10,8,100,DC
2612,into the woods (tour),US-OH-510,24,25,24,87,OH
2613,fiddler on the roof (tour),US-CA-803,61,15,18,100,CA
2615,avenue q (tour),US-FL-539,45,19,18,100,FL
2617,avenue q (tour),US-TN-640,19,11,15,100,TN
2618,into the woods (tour),US-SD-725,31,19,14,100,SD
2619,wicked (tour: munchkinland),CA-SK,31,26,16,99,SK
2620,wicked (tour: emerald city),US-TX-618,19,13,11,100,TX
2623,anything goes,US-SC-567,54,4,12,65,SC
2625,avenue q (tour),US-FL-548,14,32,23,46,FL
2634,wicked (tour: munchkinland),US-IL-609,73,9,9,72,IL
2635,fiddler on the roof (tour),US-AR-670,55,18,6,35,AR
2640,wicked (tour: emerald city),US-VA-556,10,1,5,65,VA
2645,avenue q (tour),US-MI-505,9,4,7,79,MI
2646,wicked (tour: munchkinland),US-CO-751,10,3,5,100,CO
2652,avenue q (tour),US-NC-517,16,7,3,62,NC
2659,wicked (tour: munchkinland),US-FL-561,24,6,9,0,FL
2660,fiddler on the roof (tour),US-MA-506,9,4,4,72,MA
2671,avenue q (tour),US-IN-527,17,4,5,100,IN
2676,wicked (tour: munchkinland),US-KS-678,33,7,8,100,KS
2679,fiddler on the roof (tour),US-FL-571,24,4,5,100,FL
2700,avenue q (tour),US-IL-609,80,9,8,35,IL
2706,movin' out (tour),US-MO-616,39,29,24,81,MO
2707,wicked (tour: emerald city),US-IL-602,38,27,21,92,IL
2708,wicked (tour: emerald city),US-OK-650,28,28,26,100,OK
2710,avenue q (tour),US-DC-511,33,31,31,63,DC
2711,avenue q (tour),US-IA-679,17,19,19,86,IA
2712,movin' out (tour),US-NE-652,29,22,25,100,NE
2713,movin' out (tour),US-OR-820,16,18,17,100,OR
2714,bombay dreams (tour),US-NC-517,25,22,17,87,NC
2715,wicked (tour: emerald city),US-PA-508,35,27,28,100,PA
2716,avenue q (tour),US-CA-803,35,27,29,94,CA
2717,bombay dreams (tour),US-PA-508,15,23,23,93,PA
2718,wicked (tour: emerald city),US-CA-825,33,21,19,100,CA
2719,bombay dreams (tour),US-TX-623,19,26,25,100,TX
2720,movin' out (tour),US-MN-613,25,39,38,97,MN
2721,movin' out (tour),US-IL-602,26,30,33,98,IL
2723,wicked (tour: emerald city),US-MN-613,14,22,23,100,MN
2725,movin' out (tour),US-TX-635,17,17,17,84,TX
2727,wicked (tour: emerald city),US-WA-819,21,18,18,100,WA
2729,wicked (tour: emerald city),US-MA-506,32,24,25,45,MA
2730,avenue q (tour),US-OH-510,37,20,21,96,OH
2731,wicked (tour: emerald city),US-MI-551,16,21,24,100,MI
2732,movin' out (tour),US-CA-825,11,17,20,100,CA
2733,wicked (tour: emerald city),US-MA-521,15,24,22,84,MA
2734,wicked (tour: emerald city),US-CA-807,31,24,25,98,CA
2735,bombay dreams (tour),US-WA-819,16,24,23,100,WA
2736,movin' out (tour),US-CO-751,37,30,32,100,CO
2737,wicked (tour: emerald city),US-MI-505,19,17,16,100,MI
2738,avenue q (tour),US-CA-825,18,32,27,75,CA
2739,bombay dreams (tour),US-OH-535,37,25,22,98,OH
2740,avenue q (tour),US-AZ-789,14,15,18,100,AZ
2741,avenue q (tour),US-MO-616,21,23,22,100,MO
2742,movin' out (tour),US-DC-511,49,41,34,100,DC
2743,avenue q (tour),US-NY-538,37,15,15,100,NY
2745,avenue q (tour),US-MN-613,11,14,12,100,MN
2746,wicked (tour: emerald city),US-PA-504,10,14,13,88,PA
2747,wicked (tour: emerald city),US-OR-820,10,16,16,90,OR
2748,wicked (tour: emerald city),US-CO-751,15,29,28,86,CO
2749,avenue q (tour),US-GA-524,28,15,14,100,GA
2750,wicked (tour: emerald city),US-MO-616,20,26,26,100,MO
2751,wicked (tour: emerald city),US-IL-609,22,20,16,100,IL
2753,movin' out (tour),US-OH-515,38,35,34,100,OH
2754,movin' out (tour),US-MA-506,17,15,20,100,MA
2755,bombay dreams (tour),US-CO-751,26,22,23,100,CO
2757,bombay dreams (tour),US-CA-803,24,29,30,100,CA
2758,wicked (tour: emerald city),US-CA-803,34,27,28,100,CA
2759,movin' out (tour),US-NC-560,26,34,31,93,NC
2760,avenue q (tour),US-PA-508,12,17,15,100,PA
2761,movin' out (tour),US-NY-538,19,28,29,100,NY
2762,movin' out (tour),US-MA-521,31,19,19,100,MA
2763,wicked (tour: emerald city),US-DC-511,17,17,17,100,DC
2765,bombay dreams (tour),US-GA-524,14,22,20,100,GA
2767,movin' out (tour),CA-ON,10,10,13,100,ON
2768,avenue q (tour),US-FL-528,7,4,14,61,FL
2769,bombay dreams (tour),US-CA-862,4,5,10,41,CA
2771,wicked (tour: emerald city),US-OH-510,3,2,11,10,OH
2774,movin' out (tour),US-CA-803,5,3,10,26,CA
2775,avenue q (tour),US-OH-535,3,3,10,6,OH
2776,bombay dreams (tour),CA-ON,6,3,11,19,ON
2778,movin' out (tour),US-TX-618,9,6,9,30,TX
2779,bombay dreams (tour),US-TX-618,12,6,12,19,TX
2780,wicked (tour: emerald city),US-OH-535,7,6,11,29,OH
2781,bombay dreams (tour),US-OH-510,8,4,9,34,OH
2782,wicked (tour: emerald city),CA-ON,6,4,8,28,ON
2783,avenue q (tour),US-MD-512,20,5,11,62,MD
2785,movin' out (tour),US-TX-623,27,5,10,52,TX
2786,movin' out (tour),US-AZ-753,5,3,11,22,AZ
2788,wicked (tour: emerald city),US-NC-517,29,5,26,100,NC
2789,wicked (tour: emerald city),US-NY-538,3,3,8,24,NY
2793,movin' out (tour),US-CA-807,4,4,10,26,CA
2794,movin' out (tour),US-MI-505,28,8,18,41,MI
2795,wicked (tour: emerald city),US-TX-618,17,5,8,38,TX
2798,avenue q (tour),US-DC-511,3,4,8,24,DC
2799,wicked (tour: emerald city),US-NC-517,28,7,11,39,NC
2800,avenue q (tour),US-MI-551,9,6,11,42,MI
2811,movin' out (tour),US-WA-819,19,6,14,51,WA
2812,movin' out (tour),US-TX-618,13,4,14,41,TX
2816,movin' out (tour),US-MN-613,8,6,12,29,MN
2818,bombay dreams (tour),US-TX-623,24,8,15,21,TX
2821,bombay dreams (tour),US-CA-803,14,2,5,19,CA
2823,movin' out (tour),CA-ON,7,5,8,38,ON
2824,wicked (tour: emerald city),US-CA-803,2,2,9,15,CA
2826,avenue q (tour),US-CA-825,28,5,16,99,CA
2827,avenue q (tour),US-GA-524,4,4,10,35,GA
2828,wicked (tour: emerald city),US-TX-623,31,4,16,74,TX
2832,movin' out (tour),US-NC-560,37,32,25,66,NC
2834,wicked (tour: emerald city),US-MO-616,33,39,17,98,MO
2836,wicked (tour: emerald city),US-OH-535,34,24,23,28,OH
2837,wicked (tour: emerald city),US-MI-505,24,26,15,78,MI
2840,wicked (tour: emerald city),US-IL-602,38,10,12,82,IL
2841,wicked (tour: emerald city),US-CT-533,88,36,28,75,CT
2842,avenue q (tour),US-WI-617,90,40,29,73,WI
2844,movin' out (tour),US-MA-506,44,28,24,100,MA
2847,avenue q (tour),US-MD-512,58,22,19,100,MD
2849,bombay dreams (tour),CA-ON,33,26,18,80,ON
2852,avenue q (tour),US-IL-609,44,27,19,90,IL
2853,wicked (tour: emerald city),US-FL-534,48,41,16,73,FL
2855,movin' out (tour),US-AZ-753,19,22,10,52,AZ
2857,wicked (tour: emerald city),US-OH-515,45,33,30,100,OH
2859,bombay dreams (tour),US-IL-609,30,17,10,52,IL
2860,avenue q (tour),US-TX-618,61,22,18,100,TX
2861,movin' out (tour),US-MA-521,70,16,6,100,MA
2862,movin' out (tour),US-CA-803,92,50,25,33,CA
2865,avenue q (tour),US-IA-679,98,35,17,39,IA
2866,wicked (tour: emerald city),US-PA-504,27,18,18,90,PA
2867,wicked (tour: emerald city),US-FL-528,33,16,9,73,FL
2868,wicked (tour: emerald city),US-AZ-753,31,17,12,49,AZ
2870,movin' out (tour),US-GA-524,45,40,24,88,GA
2871,wicked (tour: emerald city),US-DC-511,28,19,14,100,DC
2874,movin' out (tour),US-DC-511,45,29,19,87,DC
2875,wicked (tour: emerald city),US-GA-524,30,25,15,71,GA
2878,avenue q (tour),US-NY-538,15,14,12,94,NY
2879,avenue q (tour),US-AZ-789,39,14,12,73,AZ
2880,movin' out (tour),US-PA-504,83,6,10,100,PA
2886,avenue q (tour),US-OH-535,10,15,30,49,OH
2887,bombay dreams (tour),US-OH-510,28,21,33,40,OH
2888,wicked (tour: emerald city),US-MI-551,36,27,36,80,MI
2889,bombay dreams (tour),US-GA-524,35,22,23,33,GA
2890,bombay dreams (tour),US-WA-819,30,27,40,43,WA
2891,bombay dreams (tour),US-FL-539,16,18,26,39,FL
2892,avenue q (tour),US-OH-510,28,25,28,50,OH
2893,movin' out (tour),US-NY-538,21,29,45,63,NY
2894,wicked (tour: emerald city),US-MA-506,60,35,40,69,MA
2895,movin' out (tour),US-MO-616,41,27,38,67,MO
2896,movin' out (tour),US-TX-635,37,26,41,76,TX
2897,movin' out (tour),US-AZ-753,28,41,32,65,AZ
2898,bombay dreams (tour),US-NC-517,18,31,29,100,NC
2899,avenue q (tour),US-IA-679,51,35,30,93,IA
2900,wicked (tour: emerald city),US-WA-819,28,30,43,92,WA
2901,wicked (tour: emerald city),US-MI-505,20,25,15,100,MI
2902,avenue q (tour),US-FL-528,14,18,32,35,FL
2904,movin' out (tour),US-GA-524,40,13,27,100,GA
2905,avenue q (tour),US-NY-538,38,45,35,73,NY
2906,movin' out (tour),US-WA-819,26,33,30,66,WA
2907,avenue q (tour),US-MO-616,37,40,45,99,MO
2908,avenue q (tour),US-TX-618,57,47,32,66,TX
2909,avenue q (tour),US-FL-539,33,27,25,41,FL
2910,bombay dreams (tour),US-FL-539,28,21,33,55,FL
2912,avenue q (tour),US-GA-524,18,34,38,72,GA
2916,avenue q (tour),US-MD-512,38,37,30,40,MD
2917,avenue q (tour),US-PA-504,10,15,32,64,PA
2918,bombay dreams (tour),US-IL-609,25,34,27,54,IL
2919,movin' out (tour),US-TX-623,49,36,29,77,TX
2920,wicked (tour: emerald city),US-FL-534,19,25,31,71,FL
2921,avenue q (tour),US-OH-510,23,31,29,100,OH
2922,wicked (tour: emerald city),US-OR-820,33,40,35,40,OR
2923,bombay dreams (tour),US-TX-618,29,26,30,64,TX
2924,avenue q (tour),US-MN-613,18,20,26,59,MN
2927,bombay dreams (tour),US-PA-508,13,27,28,90,PA
2928,movin' out (tour),US-MI-505,51,49,46,65,MI
2929,bombay dreams (tour),US-OH-510,28,26,32,85,OH
2931,wicked (tour: emerald city),US-CT-533,29,22,31,71,CT
2932,wicked (tour: emerald city),US-AZ-753,19,27,33,60,AZ
2933,wicked (tour: emerald city),US-OH-515,18,31,24,100,OH
2936,avenue q (tour),US-IL-609,19,26,32,68,IL
2937,avenue q (tour),US-CA-803,41,13,31,67,CA
2938,bombay dreams (tour),US-GA-524,38,25,43,66,GA
2939,wicked (tour: emerald city),US-PA-508,39,35,36,47,PA
2940,wicked (tour: emerald city),US-CA-825,28,26,31,100,CA
2941,movin' out (tour),US-TX-635,42,40,24,18,TX
2942,movin' out (tour),US-IL-609,20,20,27,35,IL
2943,avenue q (tour),US-AZ-789,39,42,34,100,AZ
2944,wicked (tour: emerald city),US-MA-521,29,22,27,100,MA
2945,movin' out (tour),US-CO-751,52,29,25,29,CO
2947,movin' out (tour),US-MO-616,37,19,37,81,MO
2948,avenue q (tour),US-KY-529,71,35,25,100,KY
2949,movin' out (tour),US-CA-807,35,29,38,20,CA
2950,wicked (tour: emerald city),US-TX-618,27,24,27,36,TX
2953,avenue q (tour),US-PA-508,23,22,32,71,PA
2954,bombay dreams (tour),US-CA-862,50,42,44,72,CA
2955,wicked (tour: emerald city),US-PA-504,41,37,41,47,PA
2956,wicked (tour: emerald city),US-NY-538,34,50,44,54,NY
2957,bombay dreams (tour),US-CO-751,35,30,38,70,CO
2958,wicked (tour: emerald city),US-IL-609,49,53,39,75,IL
2959,movin' out (tour),US-MA-506,64,53,29,29,MA
2961,movin' out (tour),US-OH-515,32,36,36,50,OH
2962,wicked (tour: emerald city),US-OH-535,30,21,29,58,OH
2964,movin' out (tour),US-FL-528,14,14,25,25,FL
2965,movin' out (tour),US-TX-618,11,24,23,61,TX
2966,avenue q (tour),US-NY-514,45,45,26,40,NY
2967,wicked (tour: emerald city),US-FL-539,27,30,31,37,FL
2969,wicked (tour: emerald city),US-CO-751,35,35,23,65,CO
2972,movin' out (tour),US-PA-504,30,28,47,71,PA
2974,wicked (tour: emerald city),US-OH-510,25,35,39,61,OH
2975,wicked (tour: emerald city),US-NC-517,40,39,33,59,NC
2977,movin' out (tour),US-MA-521,30,48,34,37,MA
2978,wicked (tour: emerald city),US-OK-650,26,38,34,63,OK
2979,avenue q (tour),US-CA-807,13,14,33,77,CA
2980,wicked (tour: emerald city),US-CA-803,28,27,13,48,CA
2981,wicked (tour: emerald city),US-MA-506,82,54,38,92,MA
2982,wicked (tour: emerald city),US-MN-613,36,51,41,80,MN
2983,bombay dreams (tour),US-OH-535,19,30,18,46,OH
2984,avenue q (tour),US-DC-511,36,47,28,15,DC
2986,movin' out (tour),US-OR-820,25,40,26,43,OR
2987,movin' out (tour),US-MN-613,27,31,28,24,MN
2988,bombay dreams (tour),US-TX-623,59,46,31,20,TX
2989,bombay dreams (tour),CA-ON,27,27,25,40,ON
2990,movin' out (tour),US-NC-560,24,26,25,92,NC
2991,wicked (tour: emerald city),CA-ON,25,30,29,70,ON
2992,wicked (tour: emerald city),US-MD-512,20,24,28,76,MD
2993,movin' out (tour),US-IL-602,16,12,22,22,IL
2995,movin' out (tour),US-DC-511,46,36,27,66,DC
2997,wicked (tour: emerald city),US-NC-517,53,41,25,76,NC
2999,avenue q (tour),US-OH-535,26,26,21,46,OH
3000,bombay dreams (tour),US-TX-618,49,43,43,53,TX
3001,avenue q (tour),US-CA-825,43,24,31,50,CA
3004,avenue q (tour),US-WI-617,63,21,33,60,WI
3005,bombay dreams (tour),US-OH-535,37,64,22,49,OH
3006,movin' out (tour),US-GA-524,20,16,26,49,GA
3007,avenue q (tour),US-MO-616,42,28,30,57,MO
3008,movin' out (tour),US-NY-538,28,23,33,51,NY
3009,wicked (tour: emerald city),US-MN-613,31,24,29,40,MN
3010,avenue q (tour),US-MD-512,21,24,23,39,MD
3011,wicked (tour: emerald city),US-DC-511,62,40,20,11,DC
3012,movin' out (tour),US-PA-504,17,34,29,43,PA
3014,movin' out (tour),US-OH-515,15,20,25,46,OH
3016,bombay dreams (tour),US-CA-862,23,23,36,55,CA
3017,movin' out (tour),US-MI-505,37,12,28,40,MI
3019,movin' out (tour),US-WA-819,22,21,28,26,WA
3020,wicked (tour: emerald city),US-OH-535,82,33,28,35,OH
3021,movin' out (tour),US-NV-770,43,8,9,91,NV
3023,wicked (tour: emerald city),US-CA-803,48,17,20,61,CA
3026,movin' out (tour),CA-ON,56,29,22,54,ON
3027,wicked (tour: emerald city),US-NY-538,51,13,7,63,NY
3028,avenue q (tour),US-NC-560,66,12,15,73,NC
3030,avenue q (tour),US-DC-511,66,19,20,69,DC
3031,movin' out (tour),US-NC-560,64,7,15,76,NC
3032,wicked (tour: emerald city),US-OR-820,42,31,25,84,OR
3033,movin' out (tour),US-OR-820,34,17,16,100,OR
3034,bombay dreams (tour),US-CO-751,41,18,15,46,CO
3036,bombay dreams (tour),CA-ON,43,19,14,65,ON
3037,wicked (tour: emerald city),US-MO-616,43,33,19,50,MO
3039,wicked (tour: emerald city),US-NY-514,33,35,16,53,NY
3040,movin' out (tour),US-FL-528,40,9,6,100,FL
3042,movin' out (tour),US-MA-521,30,25,11,27,MA
3043,movin' out (tour),US-TX-618,30,43,20,37,TX
3045,bombay dreams (tour),US-IL-609,32,17,5,37,IL
3050,wicked (tour: emerald city),US-CT-533,36,33,19,83,CT
3051,wicked (tour: emerald city),US-MI-505,90,10,5,72,MI
3052,bombay dreams (tour),US-WA-819,37,21,14,54,WA
3054,avenue q (tour),US-IL-609,53,29,17,38,IL
3056,wicked (tour: emerald city),US-OH-510,33,23,10,15,OH
3057,wicked (tour: emerald city),US-WA-819,46,16,13,28,WA
3062,wicked (tour: emerald city),US-MD-512,47,12,8,47,MD
3067,movin' out (tour),US-IL-609,62,11,10,59,IL
3071,bombay dreams (tour),US-PA-508,36,7,7,100,PA
3072,movin' out (tour),US-DC-511,84,13,8,0,DC
3076,movin' out (tour),US-TX-623,53,25,16,83,TX
